num_tiles,init_std,digital_accuracies,digital_losses
1,0.0,"[[0.1135, 0.1135, 0.1135, 0.1135, 0.1135, 0.1031, 0.115, 0.3581, 0.7356, 0.844, 0.879, 0.8976, 0.9066, 0.9174, 0.9249, 0.9284, 0.9342, 0.9386, 0.9436, 0.9473, 0.9495, 0.9537, 0.9564, 0.9574, 0.9599, 0.9626, 0.9634, 0.9642, 0.9671, 0.9681, 0.9679, 0.9701], [0.1028, 0.1135, 0.1135, 0.1135, 0.1135, 0.1135, 0.1135, 0.1315, 0.215, 0.4923, 0.7707, 0.8567, 0.8922, 0.9086, 0.9178, 0.9273, 0.9295, 0.9369, 0.9434, 0.9454, 0.9495, 0.952, 0.9539, 0.9566, 0.9577, 0.9586, 0.9622, 0.9631, 0.9635, 0.9652, 0.9671, 0.9677, 0.9672, 0.968, 0.9692, 0.9684, 0.9698, 0.9711], [0.1135, 0.1135, 0.1028, 0.1135, 0.1135, 0.1135, 0.131, 0.2302, 0.5602, 0.8014, 0.8625, 0.8896, 0.9053, 0.9167, 0.9251, 0.9291, 0.9342, 0.9429, 0.9454, 0.9473, 0.9516, 0.9541, 0.9554, 0.9602, 0.9598, 0.9614, 0.9621, 0.9656, 0.966, 0.9671, 0.9686, 0.969, 0.9703], [0.1028, 0.1022, 0.1135, 0.1135, 0.1135, 0.1135, 0.1135, 0.1135, 0.1135, 0.1141, 0.1717, 0.515, 0.7921, 0.8677, 0.8928, 0.9058, 0.9174, 0.9243, 0.9305, 0.9372, 0.9412, 0.9455, 0.9508, 0.9551, 0.9551, 0.9575, 0.9605, 0.9618, 0.9655, 0.9635, 0.9654, 0.9682, 0.9682, 0.969, 0.9717], [0.1135, 0.1135, 0.1403, 0.3229, 0.6315, 0.805, 0.8619, 0.8893, 0.9027, 0.9096, 0.9166, 0.9208, 0.9255, 0.9316, 0.9355, 0.9381, 0.943, 0.9472, 0.95, 0.9531, 0.9552, 0.9573, 0.959, 0.9619, 0.9612, 0.9624, 0.9653, 0.9674, 0.9674, 0.9693, 0.9688, 0.971]]","[2.298870329666138, 2.2958425212860107, 2.2823773403167724, 2.1580146938323974, 1.138664996623993, 0.6020025545120239, 0.4478447568893433, 0.3760443756580353, 0.33983452146053317, 0.3159757952690124, 0.2940113020896912, 0.27358447246551515, 0.25343796281814573, 0.2313750143289566, 0.21582036575078964, 0.20689278469085692, 0.19158759927749633, 0.18018589622974396, 0.16938225692510606, 0.15975570789575577, 0.1506565957069397, 0.1420208251297474, 0.1365623368114233, 0.1305096335053444, 0.1255956115961075, 0.12144423571825028, 0.11408550956845284, 0.10608791486918927, 0.1047554771900177, 0.10066656822264194, 0.10177685964964331, 0.09950390921682119]"
1,0.01,"[[0.1135, 0.1135, 0.1028, 0.1136, 0.2109, 0.4839, 0.7354, 0.8425, 0.8789, 0.8953, 0.9056, 0.9124, 0.9192, 0.9257, 0.9311, 0.9359, 0.9368, 0.9381, 0.9436, 0.9456, 0.9485, 0.9525, 0.954, 0.9562, 0.9589, 0.9616, 0.9612, 0.9634, 0.9634, 0.9661, 0.9671, 0.9677, 0.968, 0.9689, 0.9692, 0.9692, 0.9678, 0.9695, 0.9712], [0.1135, 0.1135, 0.1135, 0.1135, 0.1135, 0.1135, 0.1135, 0.1135, 0.2853, 0.6512, 0.8253, 0.8703, 0.8912, 0.9083, 0.9184, 0.9247, 0.9309, 0.9333, 0.9397, 0.9438, 0.9462, 0.9515, 0.9545, 0.9555, 0.9592, 0.9621, 0.9632, 0.9636, 0.9647, 0.9653, 0.9668, 0.9684, 0.9696, 0.971], [0.1183, 0.1582, 0.1908, 0.3796, 0.7199, 0.8188, 0.86, 0.8818, 0.8999, 0.9079, 0.9146, 0.9201, 0.9248, 0.929, 0.9356, 0.939, 0.9426, 0.9457, 0.9459, 0.9508, 0.9532, 0.9557, 0.9557, 0.9581, 0.9626, 0.9627, 0.9648, 0.9653, 0.9655, 0.9661, 0.9669, 0.9666, 0.9683, 0.9708], [0.1135, 0.1135, 0.1135, 0.1135, 0.1135, 0.153, 0.2711, 0.6003, 0.8064, 0.863, 0.8864, 0.9041, 0.9125, 0.9174, 0.925, 0.9286, 0.9351, 0.9394, 0.9418, 0.945, 0.9459, 0.9513, 0.9541, 0.9569, 0.9586, 0.9612, 0.962, 0.964, 0.9658, 0.9663, 0.9674, 0.9665, 0.9709], [0.1135, 0.1135, 0.1135, 0.1135, 0.1312, 0.1135, 0.1587, 0.328, 0.7064, 0.8351, 0.8778, 0.8943, 0.9067, 0.9182, 0.9228, 0.9276, 0.9324, 0.9365, 0.9398, 0.9426, 0.947, 0.948, 0.9518, 0.9548, 0.9583, 0.9575, 0.9597, 0.9635, 0.9638, 0.9651, 0.9653, 0.9665, 0.9667, 0.9668, 0.9692, 0.9692, 0.9711]]","[2.3013796588897706, 2.3014859714508056, 2.3014953426361084, 2.3010668552398683, 2.301103686904907, 2.299046590423584, 2.2913864406585693, 2.157063921356201, 0.9092391220092774, 0.5333994306564331, 0.41921268854141236, 0.35574690051078794, 0.31634188351631165, 0.2847138798713684, 0.2627705134153366, 0.24440785248279573, 0.22344420075416566, 0.20944762876033782, 0.19588184418678284, 0.18534862248897552, 0.1734776979446411, 0.1642891616255045, 0.1520474864244461, 0.14444547093808652, 0.1405973380088806, 0.13597414506673813, 0.12907050119638444, 0.12391781208515167, 0.12151678259968758, 0.11878282111287117, 0.11531714079380036, 0.11308288883268833, 0.10988058185651899, 0.10916458359360695, 0.10643331555589103, 0.10619390873089432, 0.1033523096922785]"
1,0.02,"[[0.1135, 0.1135, 0.1135, 0.1135, 0.1135, 0.1135, 0.1135, 0.2057, 0.4614, 0.77, 0.8475, 0.8827, 0.8976, 0.9075, 0.9167, 0.9258, 0.9297, 0.9339, 0.9386, 0.9437, 0.9461, 0.9497, 0.9518, 0.9553, 0.9572, 0.9594, 0.9606, 0.9621, 0.963, 0.9634, 0.9671, 0.967, 0.9689, 0.9691, 0.9705], [0.101, 0.1135, 0.1135, 0.1135, 0.1135, 0.101, 0.1135, 0.1629, 0.4173, 0.7406, 0.845, 0.8833, 0.8963, 0.912, 0.9195, 0.9265, 0.9328, 0.9371, 0.9418, 0.946, 0.9484, 0.9524, 0.954, 0.9571, 0.959, 0.9597, 0.9628, 0.9639, 0.9633, 0.9659, 0.9642, 0.9662, 0.9672, 0.9681, 0.9698, 0.9699, 0.9703], [0.1135, 0.1135, 0.1135, 0.1138, 0.1135, 0.1135, 0.1181, 0.1135, 0.1344, 0.2918, 0.6726, 0.8316, 0.8755, 0.8984, 0.9112, 0.9191, 0.9263, 0.9309, 0.9373, 0.9399, 0.9471, 0.9486, 0.9515, 0.9547, 0.9565, 0.9586, 0.96, 0.9619, 0.9643, 0.9647, 0.9653, 0.966, 0.9679, 0.9694, 0.9712], [0.1135, 0.1139, 0.1655, 0.4225, 0.7179, 0.8194, 0.8624, 0.8851, 0.8996, 0.9054, 0.914, 0.9194, 0.924, 0.9278, 0.9324, 0.9349, 0.9391, 0.9426, 0.9478, 0.9503, 0.9528, 0.956, 0.9579, 0.9608, 0.9609, 0.9626, 0.9646, 0.9654, 0.9674, 0.9673, 0.9675, 0.969, 0.9687, 0.9682, 0.9706], [0.1199, 0.1302, 0.1762, 0.3136, 0.5849, 0.7863, 0.8465, 0.8826, 0.8959, 0.903, 0.9106, 0.9154, 0.9221, 0.929, 0.933, 0.938, 0.9402, 0.9434, 0.9476, 0.9506, 0.9529, 0.9542, 0.9572, 0.9577, 0.9609, 0.9627, 0.9649, 0.9645, 0.9652, 0.9661, 0.9679, 0.9683, 0.9677, 0.9693, 0.9701]]","[2.2990376823425294, 2.296568995285034, 2.2849244049072266, 2.177080109786987, 1.2994770189285278, 0.6642813137054443, 0.4840970493555069, 0.3979867708206177, 0.35658897953033447, 0.3267007260322571, 0.30418509845733643, 0.2821281775057316, 0.2640773574590683, 0.24312680325508118, 0.22689484426379203, 0.21052259694337844, 0.19876110993623733, 0.18462436085939407, 0.17206312193870543, 0.16408228985071183, 0.15593005871176718, 0.14915183441638946, 0.14359619228839873, 0.1366583290874958, 0.130929946783185, 0.12681490581035615, 0.12293445891141891, 0.11850019758939744, 0.11301833550333977, 0.11072520382106305, 0.10962653374671937, 0.10631314993202687, 0.10728065840005875, 0.10338881346285343, 0.10259164476692677]"
1,0.03,"[[0.1135, 0.1136, 0.1135, 0.1511, 0.3832, 0.708, 0.8313, 0.8697, 0.889, 0.901, 0.9088, 0.9151, 0.9212, 0.9253, 0.9314, 0.9341, 0.9374, 0.941, 0.9445, 0.9485, 0.9521, 0.9561, 0.957, 0.9588, 0.9587, 0.9612, 0.9652, 0.9658, 0.9659, 0.9666, 0.9692, 0.969, 0.9695, 0.9699, 0.9694, 0.9688, 0.9711], [0.1135, 0.1107, 0.1135, 0.1138, 0.1135, 0.1813, 0.3753, 0.7373, 0.8365, 0.8736, 0.8917, 0.9036, 0.9124, 0.9193, 0.927, 0.9301, 0.9351, 0.9387, 0.9412, 0.9461, 0.9489, 0.9506, 0.9554, 0.958, 0.9589, 0.9608, 0.9624, 0.9662, 0.9671, 0.9675, 0.9685, 0.9703], [0.1135, 0.1663, 0.1938, 0.3076, 0.6243, 0.7886, 0.8467, 0.8732, 0.8891, 0.901, 0.9093, 0.9149, 0.9214, 0.9254, 0.9319, 0.9367, 0.9398, 0.9422, 0.9452, 0.9492, 0.9505, 0.9538, 0.9558, 0.9595, 0.9608, 0.9608, 0.9643, 0.9651, 0.9654, 0.9665, 0.9679, 0.9661, 0.9676, 0.9699, 0.9698, 0.9695, 0.9725], [0.1135, 0.1135, 0.1165, 0.0925, 0.2574, 0.3621, 0.6978, 0.8283, 0.868, 0.8883, 0.8979, 0.9058, 0.9163, 0.9233, 0.9292, 0.933, 0.9385, 0.9422, 0.9471, 0.9501, 0.951, 0.9541, 0.9574, 0.9593, 0.9609, 0.963, 0.9642, 0.964, 0.9652, 0.9675, 0.9674, 0.9668, 0.9701], [0.1135, 0.1138, 0.1788, 0.3087, 0.6324, 0.7986, 0.8557, 0.8818, 0.8952, 0.9049, 0.9104, 0.9154, 0.921, 0.9267, 0.9317, 0.9361, 0.9374, 0.94, 0.944, 0.9486, 0.9517, 0.9545, 0.9557, 0.9569, 0.9579, 0.9599, 0.9604, 0.9625, 0.9651, 0.9667, 0.9664, 0.9685, 0.9692, 0.9695, 0.9718]]","[2.299644506072998, 2.297601658630371, 2.285284728240967, 2.087271878051758, 1.1152744224548339, 0.6405293381690979, 0.47155594596862793, 0.39725136561393737, 0.35280675439834597, 0.32414813504219053, 0.303235884475708, 0.2840664973974228, 0.2634333864688873, 0.24312754507064818, 0.22994863147735595, 0.2138215793132782, 0.20596920738220215, 0.19242909417748452, 0.18045600757598876, 0.16743115949630738, 0.15840822480916977, 0.1507790966272354, 0.14486611602306365, 0.14024368107318877, 0.1313456030666828, 0.12918829701840878, 0.12588664214015008, 0.12104830520749092, 0.1156100648343563, 0.1149424765765667, 0.1115100879073143, 0.10812230666028336, 0.10295792846679687, 0.10328230337202549, 0.10047614076137543]"
1,0.04,"[[0.1135, 0.1028, 0.1028, 0.1135, 0.1135, 0.2279, 0.3947, 0.717, 0.8239, 0.8659, 0.8859, 0.8991, 0.9098, 0.919, 0.926, 0.932, 0.9355, 0.9387, 0.942, 0.9461, 0.9478, 0.9535, 0.9557, 0.9567, 0.9596, 0.9607, 0.9612, 0.9626, 0.9653, 0.9662, 0.9678, 0.9682, 0.9677, 0.9701], [0.1135, 0.1135, 0.1335, 0.1028, 0.1336, 0.1742, 0.1858, 0.2924, 0.5016, 0.7639, 0.8475, 0.8838, 0.9012, 0.9135, 0.9229, 0.9287, 0.9337, 0.9379, 0.9422, 0.9461, 0.9501, 0.951, 0.9545, 0.9578, 0.9609, 0.9641, 0.9634, 0.9647, 0.9653, 0.9653, 0.9676, 0.9683, 0.9692, 0.9704], [0.1135, 0.1135, 0.1081, 0.0941, 0.1375, 0.3001, 0.5975, 0.7855, 0.8525, 0.8769, 0.895, 0.9077, 0.9168, 0.9235, 0.9292, 0.9331, 0.9377, 0.9391, 0.9428, 0.9473, 0.9503, 0.9519, 0.9541, 0.9564, 0.9601, 0.961, 0.9608, 0.9629, 0.9635, 0.9666, 0.9654, 0.9675, 0.9673, 0.9673, 0.9685, 0.969, 0.9703], [0.1236, 0.1135, 0.1135, 0.1449, 0.2119, 0.5028, 0.7675, 0.8358, 0.8744, 0.8902, 0.9018, 0.9123, 0.9188, 0.9242, 0.9287, 0.9327, 0.9378, 0.9418, 0.9466, 0.9483, 0.9511, 0.9535, 0.9539, 0.955, 0.9584, 0.958, 0.9608, 0.9602, 0.9622, 0.9622, 0.965, 0.9657, 0.9659, 0.9655, 0.9672, 0.9689, 0.9692, 0.9693, 0.97], [0.1135, 0.1135, 0.1135, 0.1135, 0.0915, 0.244, 0.5547, 0.7721, 0.8432, 0.8717, 0.8895, 0.9039, 0.9133, 0.9191, 0.9247, 0.9325, 0.936, 0.9397, 0.9455, 0.9477, 0.949, 0.9514, 0.9543, 0.9557, 0.9583, 0.9604, 0.9619, 0.9644, 0.9653, 0.9652, 0.9663, 0.9688, 0.9678, 0.9686, 0.97]]","[2.3011618068695068, 2.300880614089966, 2.3006357269287108, 2.2992258102416994, 2.2913834419250487, 2.2120473613739016, 1.3766527458190918, 0.7041041937828064, 0.5035494936943055, 0.416890154671669, 0.3658046895742416, 0.3225950522661209, 0.2897154909133911, 0.2614549514770508, 0.24258210973739625, 0.22448748294711113, 0.20623851931095125, 0.1938138051956892, 0.17902005132436752, 0.16659839146137237, 0.15747039499282836, 0.1514751990199089, 0.14298848510980605, 0.13428049744963647, 0.13019536801949144, 0.11902371734380722, 0.11454237590432167, 0.11071293310523034, 0.10984170803129673, 0.10969292143285274, 0.1047290369078517, 0.10125574796199799, 0.10200806699804962, 0.09887835838049651, 0.09844816589355469]"
1,0.05,"[[0.1135, 0.1135, 0.1135, 0.1135, 0.1135, 0.1135, 0.1028, 0.1139, 0.1147, 0.2973, 0.5846, 0.7983, 0.8585, 0.8844, 0.8992, 0.9096, 0.9174, 0.9246, 0.9318, 0.9355, 0.9382, 0.9445, 0.949, 0.9522, 0.9555, 0.9565, 0.9595, 0.9596, 0.9612, 0.9615, 0.9645, 0.9658, 0.9673, 0.9665, 0.9677, 0.9676, 0.9677, 0.9694, 0.9693, 0.9699, 0.9719], [0.1487, 0.1382, 0.2005, 0.4595, 0.732, 0.8192, 0.8559, 0.8802, 0.8944, 0.9039, 0.9099, 0.9181, 0.9241, 0.9279, 0.9313, 0.9337, 0.9374, 0.94, 0.943, 0.9434, 0.9468, 0.9497, 0.9531, 0.9551, 0.9582, 0.9602, 0.9624, 0.9624, 0.9643, 0.9639, 0.9658, 0.9648, 0.9671, 0.9678, 0.9701], [0.1638, 0.1724, 0.2838, 0.4826, 0.714, 0.813, 0.8577, 0.8813, 0.8938, 0.9019, 0.9092, 0.916, 0.923, 0.9292, 0.9326, 0.935, 0.939, 0.9437, 0.9451, 0.9477, 0.951, 0.9524, 0.9546, 0.9583, 0.9585, 0.9611, 0.9621, 0.9623, 0.9643, 0.9669, 0.9674, 0.9667, 0.9652, 0.9675, 0.9689, 0.9685, 0.9703], [0.114, 0.1226, 0.2067, 0.4551, 0.7159, 0.8029, 0.8568, 0.8795, 0.8943, 0.9049, 0.9131, 0.9164, 0.9203, 0.9251, 0.9327, 0.936, 0.9384, 0.9418, 0.9439, 0.9477, 0.9503, 0.9528, 0.9547, 0.9563, 0.9579, 0.9595, 0.9616, 0.9631, 0.9644, 0.9667, 0.9661, 0.9672, 0.9687, 0.9678, 0.9695, 0.9701], [0.1135, 0.1135, 0.1135, 0.1135, 0.1135, 0.1135, 0.1135, 0.1135, 0.1135, 0.1139, 0.1135, 0.1658, 0.373, 0.7316, 0.8433, 0.8788, 0.9003, 0.9131, 0.92, 0.9268, 0.9336, 0.9378, 0.9415, 0.9443, 0.9505, 0.9525, 0.9536, 0.9547, 0.9586, 0.9603, 0.9615, 0.9632, 0.9663, 0.966, 0.9678, 0.9683, 0.9701]]","[2.3019707473754885, 2.301163606643677, 2.301118765258789, 2.301300857925415, 2.30126061630249, 2.3012250904083253, 2.301367714691162, 2.3013068450927734, 2.300892193222046, 2.3008701782226564, 2.301574903488159, 2.2908590812683105, 2.0265537174224852, 0.8182963426589965, 0.4975101851463318, 0.38893020486831664, 0.331887976026535, 0.29422825117111207, 0.26634610047340396, 0.24502538931369783, 0.22554556109905244, 0.20740130413770674, 0.19272039933204652, 0.1808235310077667, 0.16794053633213044, 0.1583409614443779, 0.150757488322258, 0.1449370661854744, 0.13448394132517277, 0.12785003835856915, 0.12416759840846062, 0.12192339235544204, 0.11289842070639133, 0.11213530885577201, 0.10883388842046261, 0.10552990881986916, 0.10535598886460065]"
1,0.06,"[[0.1135, 0.1135, 0.1135, 0.1135, 0.1409, 0.2064, 0.4373, 0.753, 0.8323, 0.8666, 0.8865, 0.8996, 0.908, 0.9155, 0.9216, 0.925, 0.9289, 0.9327, 0.9349, 0.9371, 0.9416, 0.9461, 0.9486, 0.9518, 0.9545, 0.957, 0.9589, 0.9605, 0.9623, 0.9637, 0.9645, 0.9664, 0.968, 0.9694, 0.9704], [0.1135, 0.1135, 0.1135, 0.133, 0.1806, 0.3029, 0.666, 0.7978, 0.8531, 0.8801, 0.8915, 0.9042, 0.9116, 0.9188, 0.9227, 0.9275, 0.9331, 0.9372, 0.9411, 0.943, 0.9465, 0.9517, 0.9546, 0.9566, 0.9583, 0.9606, 0.9616, 0.9629, 0.9642, 0.9668, 0.9661, 0.9664, 0.9679, 0.9673, 0.9694, 0.9686, 0.9702], [0.0958, 0.1032, 0.1135, 0.1135, 0.1135, 0.1325, 0.3534, 0.6911, 0.8147, 0.857, 0.8794, 0.8939, 0.9064, 0.9148, 0.9225, 0.9278, 0.9317, 0.938, 0.9407, 0.9445, 0.9461, 0.9494, 0.9502, 0.9539, 0.9551, 0.9573, 0.958, 0.9602, 0.9608, 0.9637, 0.965, 0.9645, 0.9668, 0.9682, 0.9692, 0.969, 0.968, 0.9705], [0.0963, 0.1135, 0.119, 0.203, 0.3825, 0.6625, 0.7932, 0.8468, 0.8759, 0.8907, 0.8991, 0.9069, 0.9133, 0.9218, 0.9271, 0.9309, 0.936, 0.9387, 0.9428, 0.9446, 0.9463, 0.9497, 0.952, 0.9551, 0.9566, 0.9585, 0.9606, 0.9619, 0.9631, 0.9625, 0.9629, 0.9638, 0.9649, 0.967, 0.9666, 0.9672, 0.9679, 0.9676, 0.9685, 0.9692, 0.9699, 0.9701], [0.1135, 0.1135, 0.1135, 0.1013, 0.1186, 0.1722, 0.2602, 0.6023, 0.7885, 0.8445, 0.8708, 0.8857, 0.8976, 0.9069, 0.9157, 0.921, 0.9279, 0.9311, 0.935, 0.9393, 0.9422, 0.9443, 0.9492, 0.9511, 0.954, 0.9551, 0.957, 0.9585, 0.9595, 0.9625, 0.9633, 0.9647, 0.965, 0.9675, 0.9678, 0.9684, 0.969, 0.9697, 0.9693, 0.9698, 0.9705]]","[2.3017396141052244, 2.301364469909668, 2.301705033493042, 2.300579925918579, 2.2984453651428223, 2.285216091156006, 2.156179049682617, 1.2183338787078857, 0.6581711524009705, 0.4970801280021667, 0.4170104030609131, 0.37110696239471436, 0.3346673068523407, 0.3040077679157257, 0.2806043011188507, 0.25950249919891355, 0.23907377555370332, 0.22357073941230773, 0.21012726097106935, 0.1963507845878601, 0.18809502954483032, 0.17652749888896943, 0.16788870129585265, 0.16081750923395158, 0.15227746763005853, 0.15010687676668166, 0.14277069095522166, 0.13577977135181427, 0.13232970154434442, 0.1235785779774189, 0.11966397401690483, 0.11864112112522125, 0.11518739397674799, 0.11271650499887764, 0.10858558665513993, 0.10819861232563853, 0.10706405988037586, 0.10778040699884295, 0.10713265241086482, 0.10929099993631243, 0.10825674070417882]"
4,0.0,"[[0.1135, 0.1135, 0.1135, 0.1137, 0.1262, 0.2363, 0.5627, 0.8025, 0.8541, 0.8808, 0.8932, 0.9062, 0.9163, 0.9245, 0.9305, 0.9335, 0.9384, 0.9411, 0.9441, 0.9498, 0.9539, 0.9549, 0.9572, 0.9589, 0.9614, 0.9627, 0.9639, 0.9644, 0.9659, 0.968, 0.9685, 0.9692, 0.9695, 0.9697, 0.97], [0.1135, 0.1135, 0.1135, 0.1135, 0.1135, 0.2181, 0.338, 0.7044, 0.8358, 0.8748, 0.8947, 0.9057, 0.9134, 0.9213, 0.9306, 0.9338, 0.9381, 0.9425, 0.9461, 0.9494, 0.9498, 0.9544, 0.9576, 0.959, 0.9601, 0.9617, 0.9635, 0.9632, 0.9649, 0.9659, 0.9686, 0.9699, 0.9689, 0.9693, 0.969, 0.9707], [0.1136, 0.1135, 0.1031, 0.1135, 0.1139, 0.2506, 0.6627, 0.8197, 0.8674, 0.8919, 0.9064, 0.9148, 0.919, 0.9279, 0.9309, 0.9358, 0.9413, 0.9461, 0.9486, 0.9506, 0.9519, 0.9551, 0.9563, 0.9575, 0.9597, 0.9628, 0.9625, 0.9653, 0.966, 0.9683, 0.9687, 0.9707], [0.1135, 0.1135, 0.1135, 0.1135, 0.1135, 0.1135, 0.1135, 0.1135, 0.1135, 0.1135, 0.2559, 0.6443, 0.835, 0.8828, 0.9036, 0.9141, 0.9232, 0.9309, 0.9368, 0.9429, 0.9464, 0.9495, 0.953, 0.9552, 0.9559, 0.9593, 0.9614, 0.964, 0.9643, 0.9649, 0.9674, 0.9671, 0.9688, 0.9682, 0.9707], [0.1135, 0.1135, 0.1135, 0.1135, 0.1165, 0.2009, 0.5158, 0.7936, 0.8552, 0.8822, 0.8968, 0.9076, 0.9166, 0.9225, 0.9282, 0.9323, 0.9361, 0.9403, 0.9437, 0.9475, 0.9496, 0.953, 0.9564, 0.9582, 0.9619, 0.9629, 0.9635, 0.9644, 0.9652, 0.9669, 0.9673, 0.9687, 0.9694, 0.9698, 0.9701]]","[2.301394681930542, 2.3007288528442382, 2.300540714645386, 2.299549747467041, 2.294818431854248, 2.2614666927337645, 1.534567863845825, 0.6429375044107437, 0.4589904580116272, 0.3850553427696228, 0.3409800305366516, 0.3081283801555634, 0.2816906795978546, 0.2607707560181618, 0.24167734286785125, 0.2242837671995163, 0.21100937707424164, 0.19580903916358947, 0.1844666956424713, 0.17506254022121429, 0.16209617642760277, 0.15114812469482422, 0.1459909137427807, 0.13821210632324218, 0.13021049741506577, 0.12562395485639571, 0.11929519378542901, 0.11514782468974591, 0.11079085211157799, 0.10821846500337123, 0.10442060322463513, 0.10178134779036045, 0.10225650595128537, 0.1024506182551384, 0.10094916023015976]"
4,0.01,"[[0.1135, 0.1135, 0.1135, 0.1135, 0.1135, 0.1135, 0.1774, 0.3458, 0.7107, 0.8337, 0.871, 0.8905, 0.9017, 0.9136, 0.9219, 0.928, 0.9357, 0.9378, 0.9409, 0.9462, 0.9492, 0.951, 0.954, 0.9547, 0.9584, 0.9595, 0.9619, 0.9631, 0.9653, 0.9658, 0.9662, 0.9664, 0.9676, 0.9683, 0.9696, 0.9701], [0.101, 0.1135, 0.1032, 0.1135, 0.1135, 0.1135, 0.1135, 0.1135, 0.1136, 0.2028, 0.5669, 0.8122, 0.8731, 0.896, 0.9116, 0.9199, 0.9231, 0.933, 0.9372, 0.9419, 0.9435, 0.9492, 0.9511, 0.9529, 0.9566, 0.9593, 0.9613, 0.9627, 0.9654, 0.9666, 0.9685, 0.9702], [0.1135, 0.1135, 0.1135, 0.1135, 0.1135, 0.242, 0.3807, 0.6939, 0.8307, 0.8747, 0.8933, 0.9031, 0.9126, 0.9201, 0.9261, 0.9281, 0.9332, 0.9374, 0.9423, 0.9447, 0.9491, 0.9519, 0.9545, 0.9562, 0.9581, 0.9603, 0.9622, 0.9638, 0.9652, 0.9661, 0.9671, 0.9684, 0.9696, 0.9696, 0.9706], [0.1135, 0.1135, 0.1135, 0.1135, 0.1135, 0.1135, 0.1135, 0.1135, 0.1111, 0.1141, 0.2273, 0.4909, 0.7903, 0.863, 0.8928, 0.9059, 0.9163, 0.9255, 0.931, 0.937, 0.9405, 0.9448, 0.948, 0.9508, 0.9531, 0.9571, 0.9585, 0.9615, 0.9614, 0.9633, 0.9644, 0.9667, 0.9674, 0.9678, 0.968, 0.9696, 0.9704], [0.0982, 0.1135, 0.1135, 0.1135, 0.1135, 0.1135, 0.146, 0.2174, 0.5071, 0.768, 0.8509, 0.8838, 0.8978, 0.9106, 0.9172, 0.9248, 0.931, 0.9355, 0.94, 0.9431, 0.9471, 0.9506, 0.9532, 0.9553, 0.9583, 0.9607, 0.9618, 0.961, 0.9643, 0.9648, 0.9668, 0.9681, 0.9689, 0.9699, 0.9707]]","[2.3031854732513426, 2.302032622909546, 2.3013433029174806, 2.3013047904968262, 2.3010856346130373, 2.300122588729858, 2.2980343578338625, 2.2773587940216062, 1.7161397890090941, 0.7211709452152252, 0.4917264145851135, 0.3930503008842468, 0.3405031080722809, 0.30362148928642274, 0.27553291428089144, 0.25440377959012983, 0.2335402373790741, 0.2160405996084213, 0.19548568725585938, 0.1856512356042862, 0.17392649765014648, 0.1653092869579792, 0.154259103256464, 0.14678938353061677, 0.1374422378897667, 0.13094442276358603, 0.1279522314608097, 0.12386587520837784, 0.11653790743947029, 0.11544047875702382, 0.11103589059710503, 0.10900142930448055, 0.10550516570806504, 0.10287911068107933, 0.10068830797076225]"
4,0.02,"[[0.1135, 0.1135, 0.0998, 0.1135, 0.1135, 0.1293, 0.1658, 0.3318, 0.7024, 0.8257, 0.8649, 0.8832, 0.8959, 0.907, 0.9149, 0.9203, 0.9258, 0.9302, 0.9345, 0.9406, 0.945, 0.947, 0.9504, 0.9545, 0.9564, 0.9574, 0.96, 0.9621, 0.9646, 0.9653, 0.9676, 0.9676, 0.9683, 0.9692, 0.9691, 0.9698, 0.9717], [0.1135, 0.1135, 0.1028, 0.1135, 0.1135, 0.1135, 0.1135, 0.1135, 0.1135, 0.1621, 0.2364, 0.6206, 0.8097, 0.8625, 0.8858, 0.8985, 0.9091, 0.9202, 0.928, 0.9328, 0.938, 0.9409, 0.9448, 0.9486, 0.9514, 0.9537, 0.9572, 0.9589, 0.9613, 0.9632, 0.9655, 0.9667, 0.9691, 0.9682, 0.9689, 0.9705], [0.1135, 0.1135, 0.1135, 0.1135, 0.1135, 0.1135, 0.1135, 0.1135, 0.1135, 0.1135, 0.1135, 0.1135, 0.1135, 0.1161, 0.1028, 0.1137, 0.3019, 0.7203, 0.8553, 0.8898, 0.906, 0.9168, 0.9256, 0.9307, 0.9375, 0.9411, 0.9443, 0.9493, 0.9509, 0.9559, 0.958, 0.96, 0.9607, 0.9615, 0.9628, 0.9653, 0.9653, 0.9667, 0.968, 0.9695, 0.9704], [0.1135, 0.1135, 0.1135, 0.0614, 0.1099, 0.1135, 0.2606, 0.598, 0.7915, 0.8474, 0.8749, 0.8924, 0.9047, 0.9155, 0.9201, 0.9265, 0.9312, 0.934, 0.9385, 0.9414, 0.9448, 0.9487, 0.9524, 0.9559, 0.9561, 0.9579, 0.9597, 0.9617, 0.9649, 0.9639, 0.9658, 0.9669, 0.9666, 0.968, 0.9695, 0.9692, 0.97], [0.1135, 0.1135, 0.1218, 0.2424, 0.3042, 0.5655, 0.7722, 0.8388, 0.8723, 0.8896, 0.9007, 0.9066, 0.9156, 0.9215, 0.9266, 0.9318, 0.9363, 0.9379, 0.9407, 0.9457, 0.9491, 0.9508, 0.9518, 0.955, 0.9559, 0.958, 0.9609, 0.9627, 0.9625, 0.964, 0.9652, 0.967, 0.9682, 0.9685, 0.9675, 0.968, 0.9696, 0.97]]","[2.2999095386505126, 2.299068364715576, 2.2961653617858886, 2.2817068187713625, 2.1289899578094484, 1.2892808647155762, 0.7155776741027832, 0.522551802110672, 0.4285697470664978, 0.3755534028053284, 0.344469288110733, 0.31591225547790525, 0.29274756779670713, 0.2694154692411423, 0.25108434743881225, 0.23338940885066986, 0.21485875856876374, 0.20550021078586578, 0.1970510735273361, 0.18137800229787826, 0.17301597176790237, 0.16206815679073333, 0.15411405519247054, 0.14761923101842403, 0.14162767271399498, 0.13653648048043251, 0.13170022323280572, 0.12485057966709137, 0.11989136934280395, 0.11548307511210441, 0.1125039389014244, 0.10513203454315663, 0.1023823644131422, 0.10027011399809271, 0.10001768931746483, 0.10022452297657729, 0.09854324803650379, 0.09922928353399038]"
4,0.03,"[[0.1135, 0.1174, 0.1135, 0.1834, 0.3187, 0.5628, 0.7567, 0.8274, 0.8637, 0.8804, 0.89, 0.8986, 0.9037, 0.9099, 0.9145, 0.9208, 0.9248, 0.9277, 0.9337, 0.9374, 0.9405, 0.9437, 0.949, 0.9514, 0.9539, 0.9554, 0.9565, 0.9587, 0.9607, 0.9608, 0.9623, 0.9635, 0.9642, 0.9653, 0.9665, 0.9673, 0.9692, 0.9698, 0.9707], [0.1135, 0.1135, 0.1135, 0.1135, 0.1135, 0.1135, 0.1135, 0.1135, 0.1265, 0.3312, 0.6196, 0.7737, 0.8454, 0.8805, 0.8934, 0.905, 0.9117, 0.9193, 0.9248, 0.9292, 0.9338, 0.938, 0.9409, 0.9445, 0.947, 0.9507, 0.9517, 0.955, 0.9571, 0.9592, 0.9604, 0.9629, 0.9636, 0.9645, 0.9651, 0.9667, 0.968, 0.971], [0.1135, 0.1135, 0.1135, 0.1135, 0.1135, 0.1135, 0.1135, 0.1202, 0.1708, 0.4268, 0.6664, 0.8111, 0.868, 0.8884, 0.9002, 0.9082, 0.9126, 0.9159, 0.9235, 0.9261, 0.9311, 0.9345, 0.9375, 0.9415, 0.9453, 0.9497, 0.9513, 0.9538, 0.9559, 0.9561, 0.9585, 0.9592, 0.9618, 0.9623, 0.9632, 0.9658, 0.9665, 0.9666, 0.9676, 0.9678, 0.9685, 0.9694, 0.9711], [0.1135, 0.1135, 0.1135, 0.1135, 0.1135, 0.1135, 0.1135, 0.1135, 0.1135, 0.1135, 0.1135, 0.1135, 0.1143, 0.3701, 0.7027, 0.8301, 0.8751, 0.8962, 0.9065, 0.9141, 0.9195, 0.9245, 0.9321, 0.9356, 0.9383, 0.9418, 0.9439, 0.9466, 0.95, 0.9526, 0.9545, 0.9561, 0.957, 0.9589, 0.9606, 0.9614, 0.9621, 0.9655, 0.9663, 0.966, 0.9686, 0.9682, 0.9681, 0.9701], [0.1028, 0.1135, 0.1135, 0.1135, 0.1027, 0.1135, 0.169, 0.1735, 0.3854, 0.6393, 0.7893, 0.8562, 0.8799, 0.8943, 0.9056, 0.9115, 0.9185, 0.9241, 0.9261, 0.9314, 0.9346, 0.9387, 0.9414, 0.9455, 0.947, 0.9503, 0.9543, 0.9566, 0.9593, 0.9603, 0.9621, 0.9627, 0.9664, 0.9675, 0.9674, 0.969, 0.9698, 0.969, 0.9708]]","[2.301759176635742, 2.301014806365967, 2.301493384170532, 2.300816715621948, 2.302575745010376, 2.299720311355591, 2.296123851776123, 2.274831206893921, 2.0555940090179443, 1.0890628494262695, 0.6468009969711304, 0.46935696573257446, 0.4017769696354866, 0.35555706191062925, 0.32303756980896, 0.30405329246520996, 0.281886723279953, 0.26362418227791784, 0.24706109273433685, 0.23190828329324722, 0.21632743606567384, 0.20284685654640197, 0.19180159838199615, 0.1766494054555893, 0.17102162050008773, 0.16343108645677568, 0.15544684324264527, 0.14487251826524736, 0.135592200691998, 0.13084085760116576, 0.12771693771481513, 0.12349973964095115, 0.11872862786054611, 0.11251590071320534, 0.10892837144136429, 0.1044657222494483, 0.10215324439108371, 0.1016076348900795, 0.09829340789020062]"
4,0.04,"[[0.1135, 0.1135, 0.1135, 0.1135, 0.1135, 0.1135, 0.1135, 0.0641, 0.115, 0.1842, 0.3553, 0.6144, 0.7865, 0.8459, 0.8774, 0.8877, 0.8979, 0.9078, 0.9148, 0.9207, 0.9237, 0.9272, 0.9311, 0.9338, 0.9377, 0.9396, 0.9442, 0.9472, 0.9498, 0.9539, 0.9544, 0.956, 0.9559, 0.9581, 0.9603, 0.963, 0.963, 0.9648, 0.9659, 0.9683, 0.9666, 0.9676, 0.9697, 0.9692, 0.9699, 0.9703], [0.1135, 0.1135, 0.1135, 0.1135, 0.1135, 0.1135, 0.1135, 0.1135, 0.1135, 0.1135, 0.1313, 0.1135, 0.1135, 0.306, 0.5779, 0.763, 0.8463, 0.8765, 0.8924, 0.9056, 0.9105, 0.9144, 0.9194, 0.924, 0.9286, 0.9312, 0.9362, 0.9369, 0.9403, 0.9455, 0.9474, 0.9505, 0.9511, 0.9547, 0.9551, 0.9583, 0.9607, 0.96, 0.9625, 0.9633, 0.9633, 0.9652, 0.966, 0.9668, 0.9676, 0.9682, 0.9685, 0.9692, 0.9701], [0.1135, 0.1135, 0.1135, 0.1135, 0.1135, 0.1135, 0.1135, 0.1135, 0.1639, 0.2359, 0.5401, 0.739, 0.829, 0.863, 0.8825, 0.8931, 0.9004, 0.9082, 0.9151, 0.9197, 0.9227, 0.9277, 0.9304, 0.9338, 0.937, 0.9414, 0.9427, 0.946, 0.9482, 0.9516, 0.9528, 0.956, 0.9582, 0.9601, 0.9621, 0.9637, 0.9641, 0.9655, 0.968, 0.9693, 0.9701], [0.1135, 0.1028, 0.1135, 0.1135, 0.1135, 0.1135, 0.1135, 0.1138, 0.1135, 0.1137, 0.1203, 0.3146, 0.6329, 0.7862, 0.8399, 0.8731, 0.8923, 0.9038, 0.9117, 0.9167, 0.9209, 0.9267, 0.9297, 0.9346, 0.9399, 0.9409, 0.9447, 0.9493, 0.9496, 0.9533, 0.9559, 0.9569, 0.9586, 0.9595, 0.9623, 0.9628, 0.9653, 0.9661, 0.9656, 0.967, 0.9675, 0.969, 0.9689, 0.9702], [0.1135, 0.0683, 0.1135, 0.1135, 0.1135, 0.1075, 0.1135, 0.1268, 0.3291, 0.6017, 0.7521, 0.8282, 0.8633, 0.8831, 0.8979, 0.9074, 0.9141, 0.917, 0.9211, 0.9233, 0.9277, 0.9277, 0.9331, 0.9335, 0.9382, 0.942, 0.9427, 0.9467, 0.9505, 0.9517, 0.9528, 0.9564, 0.9577, 0.9583, 0.9606, 0.9628, 0.9639, 0.9651, 0.9658, 0.9671, 0.9694, 0.9698, 0.9705]]","[2.3009014698028563, 2.30120071182251, 2.3013471809387207, 2.30076316986084, 2.3003578174591066, 2.2994837142944338, 2.295834329223633, 2.2793218563079836, 2.101579012298584, 1.2359580585479737, 0.7476383028030396, 0.5494587432146072, 0.4535309359073639, 0.40903718461990357, 0.36662369141578677, 0.33517133712768554, 0.3074754375219345, 0.2897705478191376, 0.27271028364896777, 0.26308104047775266, 0.24805695806145667, 0.24163150700330735, 0.22384409247636794, 0.21470773228406906, 0.20079632111787796, 0.18870291396826505, 0.18180525524616242, 0.17121751148402692, 0.161407571130991, 0.15503166303634644, 0.14849037445783614, 0.1415991438150406, 0.13371109565496445, 0.13150363620072603, 0.125508747702837, 0.12248850874304772, 0.12062755300998687, 0.11432443609833717, 0.10984570859521628, 0.10748418920338154, 0.10380477523058652, 0.1035555575095117, 0.10314071864485741]"
4,0.05,"[[0.1225, 0.1276, 0.1135, 0.1135, 0.1135, 0.1873, 0.3098, 0.5093, 0.6789, 0.7606, 0.8196, 0.8482, 0.8691, 0.8813, 0.8896, 0.8964, 0.9035, 0.9091, 0.9129, 0.9188, 0.9191, 0.9233, 0.9285, 0.9319, 0.9353, 0.9373, 0.9395, 0.9432, 0.9458, 0.949, 0.9509, 0.9544, 0.9545, 0.9557, 0.9572, 0.9584, 0.9596, 0.9616, 0.964, 0.9639, 0.9663, 0.9663, 0.968, 0.9708], [0.1135, 0.1135, 0.1135, 0.1135, 0.1135, 0.1193, 0.1135, 0.186, 0.3387, 0.5834, 0.7478, 0.8237, 0.8566, 0.8773, 0.8899, 0.8972, 0.9026, 0.9074, 0.9138, 0.9192, 0.9217, 0.9241, 0.927, 0.9299, 0.9321, 0.9336, 0.9366, 0.9389, 0.9426, 0.9443, 0.9487, 0.9522, 0.9533, 0.9544, 0.9565, 0.9583, 0.9595, 0.9598, 0.9615, 0.9634, 0.963, 0.9641, 0.9646, 0.9674, 0.9687, 0.9689, 0.968, 0.9701], [0.1135, 0.1135, 0.1028, 0.1135, 0.1028, 0.1135, 0.1135, 0.1135, 0.1135, 0.1027, 0.1135, 0.1135, 0.1135, 0.1135, 0.1488, 0.4101, 0.6541, 0.808, 0.8552, 0.8738, 0.8882, 0.8995, 0.9108, 0.915, 0.9215, 0.9261, 0.9265, 0.9324, 0.9355, 0.9389, 0.9402, 0.9438, 0.9453, 0.9483, 0.9522, 0.9523, 0.9555, 0.9576, 0.9593, 0.9605, 0.9611, 0.9627, 0.9638, 0.9651, 0.9663, 0.9674, 0.9675, 0.9692, 0.9685, 0.9693, 0.9704], [0.1135, 0.1135, 0.1135, 0.1135, 0.1135, 0.1135, 0.1135, 0.1135, 0.1135, 0.1135, 0.1638, 0.3284, 0.5842, 0.7514, 0.8318, 0.8594, 0.8798, 0.8924, 0.9002, 0.9084, 0.9116, 0.9167, 0.921, 0.9233, 0.9295, 0.9337, 0.9348, 0.939, 0.9419, 0.943, 0.9471, 0.9478, 0.9502, 0.9519, 0.9544, 0.9543, 0.9567, 0.9569, 0.959, 0.9598, 0.9607, 0.9624, 0.963, 0.9659, 0.9659, 0.9676, 0.9675, 0.9675, 0.9695, 0.9708], [0.1135, 0.1135, 0.1135, 0.1135, 0.1028, 0.1135, 0.1135, 0.1135, 0.1135, 0.1416, 0.2112, 0.4212, 0.6641, 0.7926, 0.8451, 0.8686, 0.8871, 0.8996, 0.907, 0.9116, 0.9131, 0.9185, 0.9217, 0.9241, 0.9286, 0.9287, 0.9317, 0.9364, 0.9396, 0.9405, 0.9433, 0.9465, 0.9497, 0.9507, 0.9526, 0.9558, 0.9561, 0.9578, 0.9575, 0.9595, 0.9605, 0.9621, 0.9632, 0.9643, 0.9649, 0.9653, 0.967, 0.9678, 0.9671, 0.9677, 0.97]]","[2.301676058959961, 2.3013691017150877, 2.301398531341553, 2.3009425830841064, 2.3019577648162843, 2.301417830276489, 2.3004590030670165, 2.2997308193206787, 2.299192638397217, 2.2961159008026124, 2.2724171283721923, 2.059721061706543, 1.1357099044799805, 0.6598874173164367, 0.5109450792312622, 0.4503146216869354, 0.3959291389465332, 0.35794097571372985, 0.3315161285400391, 0.31522233710289, 0.2987751511335373, 0.28255314416885374, 0.2667117142140865, 0.25671254539489746, 0.247220307469368, 0.23977450051307678, 0.22515718804597853, 0.2138670054793358, 0.20195985406637193, 0.19496997007131578, 0.18703427350521087, 0.1781525553226471, 0.1683922833621502, 0.16049367402791978, 0.1565950040578842, 0.1488537673354149, 0.14629583965539933, 0.1411844277560711, 0.13724395948648452, 0.13305852957963943, 0.1309261524071917, 0.12738858694210647, 0.12442755173146725, 0.1200956474006176, 0.11760238120108843, 0.11630658826231957, 0.11226772929131985, 0.11233745238222181, 0.11093076305538416, 0.1062417030941695, 0.10381684527397156]"
4,0.06,"[[0.1135, 0.1135, 0.1135, 0.1135, 0.1135, 0.1135, 0.1135, 0.1135, 0.1135, 0.1135, 0.1135, 0.1135, 0.123, 0.3725, 0.5689, 0.7327, 0.8069, 0.8478, 0.8734, 0.8868, 0.892, 0.9042, 0.9087, 0.914, 0.9163, 0.9177, 0.9225, 0.925, 0.931, 0.9348, 0.937, 0.9378, 0.9403, 0.9447, 0.9433, 0.9468, 0.9497, 0.9507, 0.9534, 0.9558, 0.9553, 0.9553, 0.959, 0.9599, 0.9589, 0.96, 0.9611, 0.9612, 0.9653, 0.9658, 0.9656, 0.9659, 0.9663, 0.9667, 0.9689, 0.9673, 0.9689, 0.97], [0.1135, 0.1135, 0.1135, 0.1135, 0.1135, 0.1135, 0.1135, 0.1135, 0.101, 0.1135, 0.1135, 0.1135, 0.1135, 0.1173, 0.3267, 0.4617, 0.6631, 0.7878, 0.8465, 0.873, 0.8862, 0.8952, 0.9033, 0.9137, 0.9162, 0.9192, 0.9203, 0.9253, 0.9294, 0.9322, 0.9345, 0.938, 0.9405, 0.9428, 0.946, 0.9482, 0.9508, 0.9521, 0.9547, 0.9577, 0.9574, 0.9587, 0.9599, 0.962, 0.9627, 0.9643, 0.9652, 0.9655, 0.9666, 0.9682, 0.968, 0.9691, 0.9705], [0.1136, 0.1135, 0.1135, 0.1135, 0.1135, 0.1135, 0.1135, 0.1135, 0.1136, 0.2299, 0.4805, 0.6529, 0.7672, 0.8295, 0.8562, 0.8736, 0.8893, 0.8962, 0.9039, 0.9116, 0.9166, 0.9204, 0.9218, 0.9252, 0.9286, 0.9321, 0.9343, 0.937, 0.9388, 0.9425, 0.9431, 0.9453, 0.9474, 0.9504, 0.9523, 0.9529, 0.9554, 0.9569, 0.9599, 0.9615, 0.9612, 0.9632, 0.9628, 0.9627, 0.9637, 0.9639, 0.9658, 0.9667, 0.9663, 0.9671, 0.9668, 0.9676, 0.9691, 0.9676, 0.9685, 0.9689, 0.9707], [0.1135, 0.1135, 0.1028, 0.1135, 0.1135, 0.1135, 0.1135, 0.1379, 0.2471, 0.4348, 0.6307, 0.7673, 0.829, 0.8593, 0.8775, 0.8871, 0.8956, 0.9014, 0.9065, 0.9109, 0.9146, 0.9187, 0.9215, 0.9255, 0.929, 0.933, 0.9334, 0.9355, 0.9386, 0.9411, 0.9432, 0.945, 0.9477, 0.9465, 0.9502, 0.9512, 0.9526, 0.955, 0.9544, 0.957, 0.9581, 0.9585, 0.961, 0.9615, 0.9639, 0.9648, 0.9652, 0.9664, 0.966, 0.9665, 0.9675, 0.9677, 0.968, 0.9689, 0.97], [0.1125, 0.1235, 0.1135, 0.1135, 0.1135, 0.1135, 0.1135, 0.1135, 0.1135, 0.1135, 0.1135, 0.1353, 0.4052, 0.6058, 0.7423, 0.8111, 0.8488, 0.8703, 0.8863, 0.8943, 0.9025, 0.9088, 0.915, 0.9202, 0.9222, 0.9249, 0.9279, 0.9316, 0.9318, 0.9361, 0.9385, 0.9437, 0.9448, 0.9464, 0.9496, 0.9522, 0.9513, 0.9553, 0.9572, 0.9574, 0.9594, 0.9599, 0.961, 0.9623, 0.9625, 0.9644, 0.9644, 0.9656, 0.9663, 0.9671, 0.967, 0.9658, 0.9684, 0.9702]]","[2.3014381099700927, 2.302224098587036, 2.301551536178589, 2.3016446159362793, 2.30149660987854, 2.301081676101685, 2.3012191928863523, 2.3009644691467286, 2.30064712600708, 2.300120010757446, 2.2976033634185793, 2.2874268264770508, 2.185564474105835, 1.4118334087371827, 0.8028659023284912, 0.5824713277816772, 0.48323329458236697, 0.42604813776016237, 0.3875853081703186, 0.35915298366546633, 0.33556938037872314, 0.31902997987270354, 0.2968304418802261, 0.2826776133775711, 0.2719754561781883, 0.26088618388175966, 0.24852221860289575, 0.234677751660347, 0.22692116959095002, 0.21487424035072328, 0.204403830742836, 0.19098860927820205, 0.18498997328281402, 0.17647966412305832, 0.1661254242181778, 0.1602194186925888, 0.16118474102020264, 0.15244564912319183, 0.14422683940529823, 0.14050507433414458, 0.13825467064362018, 0.13440109833478928, 0.13006022605895995, 0.1244989630997181, 0.12069932226836681, 0.11825590345934034, 0.11866350989937782, 0.11425760544240475, 0.11195442790389061, 0.10858087803721428, 0.11049297970533371, 0.10925436778664589, 0.1092358489304781, 0.10485886270133779]"
16,0.0,"[[0.1135, 0.1135, 0.1136, 0.1135, 0.1135, 0.1135, 0.1017, 0.2031, 0.4958, 0.7841, 0.8515, 0.8821, 0.8996, 0.913, 0.9213, 0.927, 0.9327, 0.9379, 0.9422, 0.9467, 0.9469, 0.9503, 0.954, 0.9565, 0.96, 0.9603, 0.9622, 0.9634, 0.9651, 0.9665, 0.9677, 0.9675, 0.9699, 0.9687, 0.9715], [0.1066, 0.1135, 0.098, 0.1135, 0.1137, 0.1135, 0.1135, 0.3336, 0.7113, 0.8421, 0.8783, 0.8963, 0.9076, 0.9168, 0.9237, 0.9291, 0.9347, 0.9365, 0.941, 0.9449, 0.9485, 0.9493, 0.9532, 0.9558, 0.9569, 0.9589, 0.962, 0.9633, 0.9643, 0.9662, 0.967, 0.9677, 0.9683, 0.969, 0.9709], [0.1181, 0.1135, 0.1135, 0.114, 0.1878, 0.4292, 0.7289, 0.8364, 0.8768, 0.8945, 0.9028, 0.9111, 0.9148, 0.9235, 0.9304, 0.9329, 0.9353, 0.94, 0.9423, 0.9467, 0.9492, 0.9516, 0.9541, 0.9564, 0.9593, 0.9605, 0.9616, 0.9637, 0.9662, 0.9677, 0.9677, 0.967, 0.9687, 0.9716], [0.1135, 0.1135, 0.1298, 0.1135, 0.1135, 0.1135, 0.1625, 0.3134, 0.6812, 0.8302, 0.8743, 0.8959, 0.9099, 0.9195, 0.9243, 0.929, 0.9328, 0.9364, 0.9412, 0.9452, 0.9471, 0.9501, 0.9529, 0.9559, 0.957, 0.96, 0.9625, 0.9649, 0.9659, 0.9666, 0.9682, 0.9677, 0.97], [0.1135, 0.1135, 0.1135, 0.1135, 0.1192, 0.1325, 0.4859, 0.762, 0.8441, 0.8765, 0.8954, 0.9068, 0.9144, 0.9207, 0.926, 0.9328, 0.9361, 0.9406, 0.9441, 0.9467, 0.9508, 0.9512, 0.955, 0.9568, 0.9594, 0.9622, 0.9659, 0.9654, 0.9658, 0.9677, 0.9693, 0.9703]]","[2.300851932144165, 2.3014033756256103, 2.2997897689819338, 2.298654496002197, 2.2968601875305175, 2.2648286460876466, 1.777955638885498, 0.732681498336792, 0.5043993107557296, 0.4068966335296631, 0.3524879813671112, 0.31545673424601556, 0.28736829118728635, 0.26583158214986324, 0.24739022974967956, 0.23289729545116425, 0.21718872866630554, 0.20420404613018037, 0.19114840953350068, 0.17808353213667868, 0.16701966916918753, 0.15788225529193878, 0.14708710741996764, 0.1393821661233902, 0.12930174117311835, 0.12250841537714005, 0.1160999730527401, 0.11458093694746495, 0.1094918363660574, 0.10557013952136039, 0.10310287813469768, 0.10139858708502725]"
16,0.01,"[[0.1135, 0.1253, 0.1135, 0.1746, 0.3174, 0.6541, 0.8055, 0.854, 0.8815, 0.8978, 0.9031, 0.9127, 0.9204, 0.9247, 0.9299, 0.9336, 0.9362, 0.943, 0.9466, 0.9489, 0.9517, 0.9553, 0.9574, 0.9586, 0.9592, 0.9615, 0.963, 0.9651, 0.9661, 0.967, 0.9683, 0.969, 0.9679, 0.9709], [0.1135, 0.1135, 0.1135, 0.1135, 0.1135, 0.1316, 0.363, 0.6781, 0.8085, 0.8594, 0.8864, 0.8983, 0.9085, 0.9164, 0.9224, 0.9284, 0.934, 0.9373, 0.9403, 0.9442, 0.9467, 0.9505, 0.9536, 0.9554, 0.9572, 0.9606, 0.9611, 0.9627, 0.963, 0.9644, 0.9656, 0.9664, 0.9672, 0.9697, 0.9677, 0.971], [0.1135, 0.1135, 0.1135, 0.1135, 0.1135, 0.1135, 0.1135, 0.1135, 0.1135, 0.1146, 0.2273, 0.637, 0.8396, 0.88, 0.8981, 0.9062, 0.9161, 0.9232, 0.931, 0.9358, 0.9386, 0.9432, 0.947, 0.9497, 0.9523, 0.9532, 0.9551, 0.956, 0.9595, 0.9617, 0.9629, 0.9645, 0.9669, 0.9682, 0.9691, 0.9702], [0.1135, 0.1252, 0.189, 0.2974, 0.5437, 0.7584, 0.8362, 0.8697, 0.887, 0.8993, 0.9078, 0.914, 0.919, 0.9265, 0.9293, 0.9322, 0.9383, 0.9413, 0.9438, 0.9481, 0.9511, 0.9556, 0.9577, 0.9591, 0.9617, 0.9635, 0.9634, 0.9649, 0.9669, 0.9686, 0.9692, 0.9703], [0.1135, 0.1135, 0.1136, 0.1137, 0.1443, 0.2978, 0.6652, 0.8162, 0.8662, 0.8878, 0.8997, 0.9073, 0.9167, 0.9242, 0.9285, 0.9343, 0.9358, 0.9406, 0.9451, 0.9462, 0.9472, 0.9517, 0.954, 0.9559, 0.9573, 0.96, 0.962, 0.9655, 0.9653, 0.964, 0.9662, 0.9668, 0.9688, 0.9709]]","[2.3004155464172364, 2.300159495162964, 2.300067102432251, 2.2966263927459716, 2.2825286361694337, 2.119164586639404, 1.0812477375030518, 0.5675547243118286, 0.4335170585632324, 0.37582731747627257, 0.3420230637073517, 0.3102322249412537, 0.2837973879337311, 0.26073910089731217, 0.23958358228206633, 0.22456980180740357, 0.2117688046813011, 0.19840749872326852, 0.18675648403167724, 0.1745033474445343, 0.16885156666189433, 0.1574143693804741, 0.14624131327867507, 0.1391346791625023, 0.13598442863225937, 0.13021601246595382, 0.1236163078546524, 0.11558694031536579, 0.11328045286536216, 0.11130929898321629, 0.10683753947541118, 0.10226944873034954, 0.09914339451491833, 0.09513452344555408]"
16,0.02,"[[0.1157, 0.1135, 0.1135, 0.1135, 0.1135, 0.1135, 0.1135, 0.1135, 0.1135, 0.1135, 0.1135, 0.1135, 0.1135, 0.1135, 0.1135, 0.4163, 0.7721, 0.8563, 0.8895, 0.902, 0.912, 0.9223, 0.925, 0.9323, 0.9378, 0.9399, 0.9438, 0.9481, 0.9505, 0.9553, 0.9578, 0.9589, 0.9601, 0.9634, 0.9646, 0.9659, 0.9661, 0.9679, 0.9687, 0.9694, 0.9699, 0.9721], [0.1135, 0.1135, 0.1135, 0.1135, 0.1135, 0.1169, 0.347, 0.667, 0.803, 0.8536, 0.8797, 0.892, 0.9034, 0.9093, 0.9154, 0.9201, 0.9242, 0.931, 0.9349, 0.9363, 0.9404, 0.944, 0.9471, 0.9509, 0.9523, 0.955, 0.9575, 0.9592, 0.9613, 0.9618, 0.9624, 0.965, 0.9662, 0.9664, 0.9687, 0.9676, 0.9694, 0.9695, 0.9714], [0.1135, 0.1135, 0.1135, 0.1135, 0.1135, 0.1135, 0.1135, 0.1135, 0.1135, 0.1135, 0.1135, 0.1135, 0.1121, 0.3837, 0.7294, 0.8293, 0.8748, 0.896, 0.9092, 0.9161, 0.9231, 0.9289, 0.9355, 0.9393, 0.9424, 0.9487, 0.9503, 0.9533, 0.9549, 0.9574, 0.9605, 0.9615, 0.9618, 0.9644, 0.9649, 0.9671, 0.9677, 0.9677, 0.9711], [0.1135, 0.1135, 0.1135, 0.1135, 0.1135, 0.1028, 0.1135, 0.1135, 0.1135, 0.1135, 0.1135, 0.1135, 0.1135, 0.1163, 0.1538, 0.4044, 0.753, 0.8628, 0.8948, 0.9058, 0.9178, 0.9233, 0.9307, 0.9357, 0.939, 0.9409, 0.9462, 0.9486, 0.9517, 0.956, 0.9585, 0.9607, 0.9627, 0.9635, 0.9644, 0.9656, 0.967, 0.968, 0.9681, 0.9704], [0.1135, 0.1049, 0.1135, 0.1135, 0.1254, 0.1135, 0.2227, 0.4921, 0.7459, 0.8317, 0.8681, 0.8869, 0.8999, 0.9077, 0.9158, 0.9203, 0.9249, 0.9297, 0.9349, 0.9384, 0.9402, 0.943, 0.9485, 0.9517, 0.9541, 0.9569, 0.9585, 0.9584, 0.9604, 0.9617, 0.9612, 0.9629, 0.965, 0.9656, 0.9665, 0.9683, 0.9684, 0.9697, 0.9705]]","[2.3011841259002686, 2.3016320053100587, 2.3006859310150145, 2.3009506832122804, 2.2994951335906983, 2.2948185390472413, 2.2638315818786623, 1.7616587312698364, 0.8035010207176209, 0.5376396434783935, 0.43758990731239317, 0.3840288605451584, 0.34724350852966307, 0.321609033536911, 0.2955201035499573, 0.2769695264339447, 0.2574011370897293, 0.24170793892145157, 0.2250409620165825, 0.2087650577545166, 0.19686137330532075, 0.18581599699258805, 0.17362882966995238, 0.16300084178447724, 0.15581237406134604, 0.14778977593779563, 0.14243213480710984, 0.13475087369680405, 0.12883716295063496, 0.12430217635035515, 0.12289965814352036, 0.1178078275680542, 0.11124154346585274, 0.10909264162741601, 0.10663952469527721, 0.101396829611063, 0.10009244548678398, 0.09884846204072237, 0.0985946718275547]"
16,0.03,"[[0.1135, 0.1135, 0.1135, 0.1135, 0.1135, 0.1135, 0.1135, 0.2162, 0.1551, 0.4008, 0.6278, 0.7782, 0.8401, 0.8709, 0.8903, 0.8976, 0.9044, 0.9124, 0.9177, 0.9216, 0.9245, 0.9295, 0.9307, 0.9346, 0.9391, 0.9424, 0.947, 0.9488, 0.9505, 0.9526, 0.9553, 0.9574, 0.9595, 0.9615, 0.9636, 0.9652, 0.9653, 0.9667, 0.9676, 0.9692, 0.9692, 0.9703], [0.1135, 0.1135, 0.1135, 0.1135, 0.1135, 0.1135, 0.1135, 0.1152, 0.116, 0.1188, 0.3695, 0.6235, 0.7918, 0.8468, 0.8758, 0.8916, 0.9019, 0.9081, 0.9162, 0.9214, 0.9251, 0.9303, 0.9345, 0.9377, 0.9422, 0.9452, 0.9474, 0.9494, 0.9531, 0.9542, 0.957, 0.9593, 0.961, 0.9626, 0.9645, 0.9647, 0.9658, 0.967, 0.9683, 0.9695, 0.9696, 0.97], [0.1135, 0.1135, 0.1135, 0.1135, 0.1135, 0.1135, 0.1135, 0.1135, 0.1135, 0.1135, 0.1224, 0.4669, 0.71, 0.8223, 0.8637, 0.8818, 0.8939, 0.9045, 0.9125, 0.919, 0.9234, 0.9278, 0.9334, 0.9367, 0.9399, 0.9428, 0.9465, 0.9484, 0.951, 0.9536, 0.957, 0.9578, 0.9594, 0.9612, 0.9621, 0.9639, 0.9639, 0.9659, 0.9668, 0.9684, 0.9686, 0.9684, 0.9704], [0.1135, 0.1135, 0.1135, 0.1135, 0.1135, 0.1135, 0.1135, 0.1135, 0.134, 0.1461, 0.387, 0.6389, 0.7912, 0.8439, 0.8718, 0.8892, 0.9002, 0.9068, 0.9141, 0.92, 0.9242, 0.9303, 0.9357, 0.9375, 0.9412, 0.9446, 0.9469, 0.9489, 0.9515, 0.9551, 0.9566, 0.9583, 0.9591, 0.9621, 0.9647, 0.9655, 0.9671, 0.9668, 0.9683, 0.9697, 0.9702], [0.1135, 0.1135, 0.1135, 0.1135, 0.1135, 0.1135, 0.1028, 0.1135, 0.1135, 0.1137, 0.1135, 0.1301, 0.3627, 0.6865, 0.806, 0.8476, 0.8779, 0.8963, 0.906, 0.9114, 0.9163, 0.9215, 0.9247, 0.9293, 0.934, 0.9382, 0.942, 0.9446, 0.9459, 0.949, 0.9524, 0.9543, 0.956, 0.9581, 0.9603, 0.9625, 0.9639, 0.9647, 0.9668, 0.967, 0.968, 0.9692, 0.9698, 0.971]]","[2.301954378128052, 2.3014074405670164, 2.30100657119751, 2.3018659034729003, 2.301634196853638, 2.3012295661926268, 2.3013422649383544, 2.3011889503479006, 2.3009053703308107, 2.3008907852172853, 2.2982995918273925, 2.28903302154541, 2.1074617206573487, 1.013315167236328, 0.6028753396511077, 0.4923964147567749, 0.41229425930976865, 0.3636073977470398, 0.3280122778892517, 0.30169015007019045, 0.2823980252146721, 0.26144426503181456, 0.24606126046180726, 0.23183986427783965, 0.21724032938480378, 0.2042516016483307, 0.18789662132263182, 0.1780082492351532, 0.17088720847964287, 0.159302353399992, 0.14955949677824973, 0.14108971923589705, 0.13683235241770744, 0.1320328473687172, 0.12614283450245858, 0.1201139909207821, 0.11465769609212875, 0.11228810746371747, 0.10746909748911858, 0.10586901434659958, 0.10278492187857628, 0.099419358715415, 0.09598496254384517, 0.09511795478761197]"
16,0.04,"[[0.1135, 0.1135, 0.1135, 0.1135, 0.1135, 0.1135, 0.1135, 0.1139, 0.2058, 0.4996, 0.6668, 0.7725, 0.8317, 0.8625, 0.882, 0.8919, 0.9, 0.9083, 0.915, 0.9175, 0.9208, 0.9256, 0.9296, 0.9335, 0.9363, 0.939, 0.9417, 0.944, 0.9477, 0.951, 0.9533, 0.9556, 0.9566, 0.959, 0.9599, 0.9617, 0.9633, 0.9647, 0.9644, 0.9654, 0.9675, 0.968, 0.9682, 0.9697, 0.9705], [0.1135, 0.1135, 0.1135, 0.1135, 0.1135, 0.1135, 0.1135, 0.1135, 0.1135, 0.1521, 0.3474, 0.5721, 0.7455, 0.816, 0.8543, 0.8785, 0.8916, 0.9014, 0.9081, 0.9128, 0.9162, 0.9209, 0.9234, 0.9272, 0.9312, 0.9335, 0.9372, 0.94, 0.9422, 0.9445, 0.9471, 0.9512, 0.9531, 0.955, 0.9566, 0.9588, 0.9604, 0.9613, 0.963, 0.9653, 0.9657, 0.966, 0.9667, 0.968, 0.9686, 0.9688, 0.9691, 0.9698, 0.9708], [0.1135, 0.1135, 0.1135, 0.1135, 0.101, 0.1135, 0.1135, 0.1135, 0.2304, 0.1496, 0.4093, 0.5894, 0.7321, 0.7995, 0.8457, 0.87, 0.8882, 0.897, 0.9076, 0.9142, 0.916, 0.9209, 0.9234, 0.9289, 0.9313, 0.933, 0.935, 0.9395, 0.9406, 0.9448, 0.9479, 0.9491, 0.9516, 0.9537, 0.9557, 0.9575, 0.959, 0.9599, 0.962, 0.9625, 0.9638, 0.9649, 0.9655, 0.9672, 0.9672, 0.9665, 0.9697, 0.9698, 0.9705], [0.1135, 0.1135, 0.1135, 0.1135, 0.1135, 0.1135, 0.1329, 0.1135, 0.1135, 0.115, 0.1793, 0.3766, 0.627, 0.7604, 0.8252, 0.8584, 0.8779, 0.8902, 0.9008, 0.9089, 0.9125, 0.916, 0.9212, 0.9248, 0.9272, 0.9312, 0.9351, 0.937, 0.9393, 0.9406, 0.9435, 0.9479, 0.9495, 0.9515, 0.953, 0.955, 0.9579, 0.9589, 0.9608, 0.9618, 0.9617, 0.9639, 0.9654, 0.9664, 0.9676, 0.9677, 0.9687, 0.9688, 0.9699, 0.9707], [0.1135, 0.1135, 0.1135, 0.1135, 0.1135, 0.1135, 0.1135, 0.1135, 0.1028, 0.1135, 0.1135, 0.2316, 0.5072, 0.7159, 0.7982, 0.8376, 0.8689, 0.8863, 0.8977, 0.9068, 0.9112, 0.915, 0.9194, 0.9233, 0.9272, 0.9293, 0.9359, 0.9365, 0.9414, 0.9444, 0.9481, 0.949, 0.9525, 0.9541, 0.9562, 0.9587, 0.9603, 0.962, 0.962, 0.9642, 0.9649, 0.9664, 0.967, 0.9684, 0.9689, 0.9704]]","[2.3017260833740236, 2.3018209716796876, 2.300888053512573, 2.301234574890137, 2.301153881454468, 2.3011936637878416, 2.3007813705444335, 2.3008492141723633, 2.302876936721802, 2.299215995788574, 2.295039493942261, 2.271981497955322, 2.017319605445862, 1.0206287679672241, 0.6427181311607361, 0.5178873158931733, 0.43956420555114745, 0.3860354060649872, 0.3502870763301849, 0.3238767681598663, 0.30365584678649904, 0.2880784703016281, 0.2692384080886841, 0.2559628259658813, 0.24376407639980316, 0.2310658303976059, 0.21143008205890657, 0.20596285680532456, 0.19307912929058074, 0.18067052795886993, 0.1696690121769905, 0.16314424121379853, 0.15591566914319993, 0.14829260760545732, 0.14095726565420627, 0.13665938962101937, 0.13159357113242148, 0.12394665713012218, 0.12283763868212699, 0.11618448067903518, 0.11125653431415558, 0.11029826117157936, 0.10587061739563942, 0.10207020122408866, 0.09972596307694911, 0.09731157659329474]"
16,0.05,"[[0.1135, 0.1135, 0.1135, 0.1135, 0.1135, 0.1135, 0.1135, 0.1135, 0.1135, 0.1135, 0.1135, 0.1135, 0.1135, 0.1463, 0.3292, 0.5675, 0.7343, 0.8213, 0.8576, 0.8807, 0.89, 0.8999, 0.9073, 0.9116, 0.9154, 0.9181, 0.9218, 0.9259, 0.9278, 0.9318, 0.9347, 0.9375, 0.941, 0.9439, 0.9439, 0.9471, 0.951, 0.9523, 0.9532, 0.9556, 0.9563, 0.9584, 0.959, 0.9605, 0.9618, 0.9616, 0.9631, 0.9648, 0.9652, 0.9663, 0.9678, 0.9671, 0.9688, 0.9683, 0.9698, 0.9696, 0.97], [0.1135, 0.1135, 0.1135, 0.1135, 0.1135, 0.1135, 0.0688, 0.1135, 0.1135, 0.1136, 0.1287, 0.1149, 0.2371, 0.5224, 0.7117, 0.7933, 0.8389, 0.8659, 0.8848, 0.8944, 0.9028, 0.9091, 0.9117, 0.9162, 0.9188, 0.9209, 0.9253, 0.9297, 0.9319, 0.9353, 0.9377, 0.941, 0.9442, 0.9451, 0.9486, 0.9506, 0.9521, 0.9546, 0.9559, 0.9582, 0.9595, 0.9616, 0.9628, 0.9633, 0.9643, 0.9651, 0.966, 0.9676, 0.9685, 0.9691, 0.9687, 0.9695, 0.9707], [0.1135, 0.1135, 0.1135, 0.1135, 0.1135, 0.1135, 0.1135, 0.1136, 0.2038, 0.2614, 0.4709, 0.6347, 0.7328, 0.7831, 0.8227, 0.8522, 0.8723, 0.8871, 0.8965, 0.9024, 0.9089, 0.9093, 0.9157, 0.9206, 0.9223, 0.926, 0.928, 0.93, 0.9331, 0.9369, 0.937, 0.9403, 0.9417, 0.9451, 0.95, 0.9515, 0.9527, 0.9562, 0.9581, 0.9589, 0.9605, 0.961, 0.9619, 0.9619, 0.9644, 0.9651, 0.9658, 0.9667, 0.9691, 0.9689, 0.9699, 0.9696, 0.9704], [0.1135, 0.1135, 0.1135, 0.1135, 0.1135, 0.1135, 0.1089, 0.1399, 0.1222, 0.3988, 0.5748, 0.7017, 0.7806, 0.8279, 0.8529, 0.8708, 0.8864, 0.8962, 0.903, 0.9081, 0.9119, 0.9142, 0.9188, 0.9237, 0.9262, 0.9282, 0.9291, 0.9329, 0.9351, 0.9389, 0.941, 0.9422, 0.9446, 0.9472, 0.9521, 0.9528, 0.9538, 0.9559, 0.9574, 0.9584, 0.9592, 0.9613, 0.9628, 0.9657, 0.9647, 0.9658, 0.9671, 0.9678, 0.9684, 0.9691, 0.9697, 0.9709], [0.1135, 0.1135, 0.1135, 0.1135, 0.1135, 0.1135, 0.1135, 0.1135, 0.1135, 0.1183, 0.1135, 0.1135, 0.1135, 0.1135, 0.1135, 0.3006, 0.5646, 0.7257, 0.8038, 0.8389, 0.8668, 0.8854, 0.8951, 0.9031, 0.9084, 0.9115, 0.9151, 0.9215, 0.9242, 0.9281, 0.93, 0.934, 0.936, 0.9375, 0.941, 0.9438, 0.9477, 0.9505, 0.9521, 0.9529, 0.9541, 0.9561, 0.9581, 0.96, 0.9613, 0.9625, 0.9638, 0.9645, 0.9648, 0.9649, 0.9676, 0.9687, 0.9689, 0.969, 0.9699, 0.9702]]","[2.3012974517822267, 2.3013523235321043, 2.302068552780151, 2.300957677078247, 2.3010321239471434, 2.301308980560303, 2.3012298374176026, 2.300981622695923, 2.301282666397095, 2.301383038330078, 2.30112032661438, 2.3008910079956055, 2.299899022293091, 2.2986757804870606, 2.2915764793395996, 2.2374040084838867, 1.7310487907409668, 0.8620205024719239, 0.6067071002960205, 0.51054020986557, 0.43697731828689573, 0.3881193675994873, 0.35584859647750855, 0.33342631328105926, 0.31146373267173766, 0.2999508353233337, 0.2896735123157501, 0.2726884752511978, 0.26241098226308823, 0.250385844540596, 0.24317839883565903, 0.2279007161080837, 0.21569251672029496, 0.211733116710186, 0.1975293884307146, 0.18991379255056381, 0.18017761723399162, 0.1695870258450508, 0.16278884755373002, 0.15497458761036395, 0.1505075740739703, 0.14496116325855254, 0.137764822858572, 0.1326950948536396, 0.12686316106021403, 0.12197770690321923, 0.1177957785308361, 0.11522834146916866, 0.11336675289869308, 0.1109611524194479, 0.10716285924315452, 0.10571564721167087, 0.10386965818703174, 0.10211305416822433, 0.0992613249823451, 0.09894584519863128]"
16,0.06,"[[0.1135, 0.1135, 0.1135, 0.1135, 0.1135, 0.1135, 0.101, 0.1135, 0.1135, 0.1135, 0.1135, 0.1135, 0.1832, 0.4943, 0.6352, 0.7211, 0.7811, 0.8248, 0.8556, 0.8718, 0.8829, 0.8891, 0.898, 0.9031, 0.9083, 0.9115, 0.9143, 0.9172, 0.9204, 0.9241, 0.9268, 0.9277, 0.9308, 0.9346, 0.9373, 0.9385, 0.9403, 0.9434, 0.946, 0.947, 0.949, 0.9514, 0.9533, 0.9559, 0.9577, 0.9586, 0.9596, 0.9607, 0.9615, 0.9625, 0.9638, 0.9659, 0.966, 0.9656, 0.9672, 0.9668, 0.9672, 0.9693, 0.9679, 0.9697, 0.9705], [0.1135, 0.1135, 0.1028, 0.1135, 0.1135, 0.1135, 0.1145, 0.1135, 0.1143, 0.2495, 0.4247, 0.5143, 0.6931, 0.7664, 0.8075, 0.8353, 0.8571, 0.8757, 0.8871, 0.8945, 0.9004, 0.9039, 0.9086, 0.9131, 0.9158, 0.9189, 0.9218, 0.925, 0.9264, 0.9304, 0.9315, 0.934, 0.9369, 0.9382, 0.942, 0.9423, 0.9448, 0.947, 0.9494, 0.9512, 0.9517, 0.9536, 0.9554, 0.9545, 0.9577, 0.9596, 0.9618, 0.9624, 0.9627, 0.9637, 0.9638, 0.9642, 0.9654, 0.9658, 0.9671, 0.9674, 0.9678, 0.9687, 0.969, 0.97], [0.1135, 0.1135, 0.1135, 0.1135, 0.1027, 0.1135, 0.1137, 0.1408, 0.1535, 0.3625, 0.5452, 0.6567, 0.7527, 0.7918, 0.8354, 0.8565, 0.8718, 0.8856, 0.8926, 0.899, 0.9029, 0.9072, 0.9106, 0.9144, 0.9184, 0.9193, 0.9235, 0.9264, 0.929, 0.9315, 0.9338, 0.9357, 0.9366, 0.9382, 0.941, 0.9443, 0.9452, 0.9465, 0.9495, 0.9505, 0.9525, 0.9526, 0.9558, 0.9556, 0.9585, 0.9609, 0.9621, 0.963, 0.9632, 0.9635, 0.9648, 0.966, 0.9663, 0.968, 0.9693, 0.969, 0.9684, 0.9693, 0.9695, 0.9703], [0.1135, 0.1135, 0.1135, 0.1135, 0.1135, 0.1135, 0.1135, 0.1135, 0.1135, 0.1135, 0.1135, 0.1135, 0.1197, 0.2438, 0.4955, 0.6171, 0.6892, 0.769, 0.824, 0.8536, 0.8727, 0.8836, 0.8932, 0.9003, 0.9054, 0.9094, 0.9131, 0.9158, 0.9196, 0.9234, 0.9269, 0.9275, 0.9296, 0.9333, 0.9358, 0.9386, 0.9402, 0.9427, 0.9446, 0.946, 0.948, 0.9506, 0.9507, 0.954, 0.9546, 0.9561, 0.9574, 0.9583, 0.9595, 0.9599, 0.9613, 0.9623, 0.9642, 0.9648, 0.9654, 0.965, 0.9663, 0.9663, 0.968, 0.9692, 0.97], [0.1135, 0.1135, 0.1135, 0.1135, 0.1135, 0.1135, 0.101, 0.1135, 0.1135, 0.1135, 0.1135, 0.1258, 0.2502, 0.5175, 0.6643, 0.7281, 0.7841, 0.8327, 0.8637, 0.8822, 0.8918, 0.898, 0.9018, 0.907, 0.9108, 0.9132, 0.9135, 0.9183, 0.9217, 0.9244, 0.9265, 0.9301, 0.9313, 0.9343, 0.9362, 0.9387, 0.9406, 0.9437, 0.9446, 0.9467, 0.9491, 0.9512, 0.9523, 0.9541, 0.955, 0.957, 0.9577, 0.9604, 0.96, 0.9622, 0.9635, 0.9638, 0.9641, 0.9646, 0.9654, 0.9662, 0.9663, 0.9672, 0.9686, 0.9693, 0.9698, 0.9706]]","[2.301239152145386, 2.3011365234375, 2.300987561416626, 2.301187817764282, 2.3016042140960695, 2.3010174476623537, 2.3016656257629395, 2.3004100425720213, 2.3001631134033205, 2.2987765827178954, 2.294929133605957, 2.284815380859375, 2.234401287460327, 2.0136825979232786, 1.2834700004577637, 0.8342028629302979, 0.6609021709442139, 0.5393463190555573, 0.46475974321365354, 0.4190854019165039, 0.3883900671958923, 0.3610266337394714, 0.34525142488479615, 0.32864937133789063, 0.309764558506012, 0.30243778686523437, 0.29172288188934326, 0.28160289306640623, 0.27071678774356844, 0.25925792732238767, 0.2503145575046539, 0.23805625846385955, 0.2342718736886978, 0.22192219336032867, 0.21384604391157627, 0.205703817653656, 0.19641295907497405, 0.1865633281111717, 0.18139721861705185, 0.175499114716053, 0.16909710468649863, 0.16395870813727378, 0.15635868440270423, 0.1527767966032028, 0.14486687403321266, 0.14096906095743178, 0.1359213815152645, 0.1303975810110569, 0.13122241297364234, 0.12384879391044379, 0.12265460702776909, 0.12001348042786121, 0.1153824747107923, 0.116161736664176, 0.11292342524677515, 0.10827765725255012, 0.10771182997524738, 0.10463836797177792, 0.1019659663617611, 0.10275209031552077, 0.0996199105429463, 0.09758412490785122]"
8,0.0,"[[0.1135, 0.1135, 0.1473, 0.1728, 0.3919, 0.7149, 0.8279, 0.8725, 0.8902, 0.9014, 0.9112, 0.9169, 0.924, 0.9291, 0.9342, 0.9363, 0.9396, 0.9436, 0.9475, 0.9508, 0.9534, 0.9565, 0.958, 0.9605, 0.9638, 0.9642, 0.9663, 0.9657, 0.9683, 0.969, 0.9702], [0.1135, 0.1135, 0.101, 0.1135, 0.1135, 0.1135, 0.1062, 0.1135, 0.1318, 0.3267, 0.6444, 0.827, 0.8778, 0.9034, 0.9139, 0.9198, 0.9253, 0.9298, 0.9373, 0.9437, 0.9467, 0.9481, 0.9514, 0.9538, 0.9582, 0.9593, 0.9611, 0.9625, 0.9651, 0.9658, 0.9671, 0.9666, 0.9687, 0.9694, 0.9697, 0.9705], [0.1135, 0.1135, 0.1135, 0.1135, 0.1135, 0.1135, 0.1028, 0.1135, 0.1028, 0.1033, 0.1847, 0.6221, 0.8283, 0.8769, 0.8992, 0.9111, 0.9192, 0.9244, 0.9316, 0.9389, 0.9421, 0.9472, 0.9491, 0.9522, 0.9539, 0.9571, 0.959, 0.9624, 0.9642, 0.9646, 0.9667, 0.968, 0.9695, 0.9704], [0.1135, 0.1532, 0.1881, 0.3288, 0.645, 0.7935, 0.855, 0.8788, 0.8935, 0.9005, 0.9085, 0.9148, 0.9227, 0.9286, 0.9313, 0.9341, 0.94, 0.9434, 0.949, 0.9511, 0.953, 0.9565, 0.9581, 0.9601, 0.9613, 0.9629, 0.9651, 0.967, 0.9663, 0.9678, 0.9682, 0.9689, 0.9692, 0.9694, 0.9717], [0.1135, 0.1135, 0.1142, 0.1245, 0.3738, 0.6747, 0.822, 0.864, 0.8871, 0.9025, 0.9093, 0.9162, 0.9217, 0.9288, 0.9347, 0.937, 0.9422, 0.9462, 0.9496, 0.9537, 0.9564, 0.9582, 0.9605, 0.9613, 0.9629, 0.963, 0.9655, 0.9658, 0.9653, 0.9678, 0.9686, 0.9687, 0.9705]]","[2.302655676269531, 2.3019481037139893, 2.299540788650513, 2.288309253692627, 1.9866735523223877, 0.973959436416626, 0.5740782947540283, 0.4421834954738617, 0.37434909729957583, 0.33517447843551634, 0.3031165717124939, 0.27613472566604613, 0.2564769267320633, 0.23882352430820464, 0.22210112614780664, 0.2087304394006729, 0.19340100938081742, 0.1809249811410904, 0.16686179280281066, 0.15559296709299086, 0.1452758409500122, 0.14278635153770447, 0.1334596389770508, 0.12762056965827942, 0.12081201795339584, 0.11873567348346115, 0.11578954153656959, 0.11151452360749245, 0.10798828258514405, 0.10603126928806304, 0.10217302523702383, 0.10403477038145065, 0.09786000220598653]"
8,0.01,"[[0.1135, 0.1135, 0.1135, 0.1732, 0.1404, 0.3144, 0.6243, 0.7982, 0.8597, 0.8847, 0.8955, 0.9087, 0.9172, 0.9213, 0.9284, 0.9322, 0.9372, 0.9402, 0.9428, 0.9487, 0.9517, 0.9519, 0.9552, 0.9569, 0.9597, 0.9598, 0.9618, 0.9617, 0.964, 0.9649, 0.9645, 0.9675, 0.9683, 0.9683, 0.9707], [0.1135, 0.1135, 0.1135, 0.1135, 0.1135, 0.1165, 0.1145, 0.1913, 0.497, 0.7705, 0.8452, 0.8822, 0.8995, 0.9123, 0.9189, 0.9258, 0.9324, 0.935, 0.9393, 0.9437, 0.9445, 0.948, 0.9524, 0.9543, 0.9576, 0.9597, 0.9621, 0.9624, 0.9643, 0.9656, 0.9663, 0.9676, 0.9699, 0.9695, 0.9701], [0.1135, 0.1438, 0.1135, 0.1135, 0.1409, 0.2307, 0.5985, 0.8056, 0.8665, 0.8878, 0.8997, 0.9111, 0.9163, 0.9228, 0.9286, 0.932, 0.9359, 0.9388, 0.9423, 0.9465, 0.9478, 0.9498, 0.9539, 0.9567, 0.9594, 0.9611, 0.963, 0.9657, 0.9667, 0.9673, 0.9697, 0.9702], [0.1143, 0.1893, 0.3385, 0.6666, 0.7972, 0.8465, 0.876, 0.8921, 0.9038, 0.9111, 0.9163, 0.9235, 0.9278, 0.9327, 0.9359, 0.9388, 0.9428, 0.9451, 0.9489, 0.9513, 0.9528, 0.9551, 0.9582, 0.9593, 0.9616, 0.9642, 0.9653, 0.9654, 0.9675, 0.9688, 0.9688, 0.9694, 0.9697, 0.9689, 0.9703], [0.1135, 0.1135, 0.1435, 0.1135, 0.1135, 0.1135, 0.1028, 0.1135, 0.1174, 0.2568, 0.6109, 0.8076, 0.8662, 0.8934, 0.9097, 0.9182, 0.9265, 0.9331, 0.9379, 0.9426, 0.946, 0.9509, 0.9535, 0.956, 0.9581, 0.96, 0.9625, 0.9651, 0.965, 0.9676, 0.9693, 0.9693, 0.9705]]","[2.3019183326721193, 2.301510115814209, 2.3019816394805908, 2.3011848415374754, 2.3009123348236082, 2.3012721256256103, 2.300985289382935, 2.299639360046387, 2.294528602218628, 2.2364391651153563, 1.209196815109253, 0.6129825547218323, 0.43906208267211916, 0.3623199714660644, 0.3139422801017761, 0.27857227909564974, 0.2505588709831238, 0.22685644125938415, 0.20818544743061065, 0.18844725728034972, 0.17525753479003905, 0.15978809871673583, 0.15046877141594886, 0.141455352973938, 0.13350497912168502, 0.1266826039135456, 0.122643503844738, 0.11555835357904434, 0.11082672023475171, 0.10588509393632412, 0.10336523962616921, 0.09912644584178924, 0.09821649775803089]"
8,0.02,"[[0.1135, 0.1135, 0.1135, 0.1135, 0.1135, 0.1138, 0.1135, 0.1135, 0.1206, 0.2476, 0.6124, 0.7999, 0.8634, 0.891, 0.9033, 0.9107, 0.9162, 0.9206, 0.9271, 0.9319, 0.9358, 0.9413, 0.9438, 0.9457, 0.95, 0.9542, 0.958, 0.9589, 0.96, 0.9617, 0.9631, 0.9642, 0.9655, 0.9668, 0.9683, 0.9678, 0.97], [0.1135, 0.1135, 0.1135, 0.1135, 0.1135, 0.1135, 0.114, 0.1296, 0.3488, 0.6991, 0.8157, 0.8634, 0.8883, 0.9044, 0.9124, 0.9196, 0.9238, 0.9301, 0.935, 0.94, 0.9434, 0.9454, 0.9492, 0.951, 0.9537, 0.9555, 0.9588, 0.9602, 0.9619, 0.962, 0.9637, 0.9644, 0.9659, 0.9666, 0.9679, 0.9696, 0.9698, 0.9705], [0.1135, 0.1135, 0.1176, 0.264, 0.5007, 0.7015, 0.8007, 0.8479, 0.8745, 0.8902, 0.9006, 0.9063, 0.9151, 0.9207, 0.9253, 0.9289, 0.9349, 0.9349, 0.9415, 0.9433, 0.9467, 0.9485, 0.9517, 0.9529, 0.9559, 0.9573, 0.9588, 0.9597, 0.962, 0.9625, 0.9643, 0.9657, 0.9677, 0.9676, 0.9687, 0.9692, 0.9708], [0.1135, 0.1135, 0.1135, 0.1135, 0.1135, 0.1167, 0.118, 0.4079, 0.7025, 0.8116, 0.8556, 0.8816, 0.8966, 0.9083, 0.9176, 0.92, 0.9243, 0.9293, 0.9339, 0.9384, 0.943, 0.9445, 0.9474, 0.9506, 0.9534, 0.9555, 0.9586, 0.9603, 0.96, 0.963, 0.9645, 0.965, 0.9662, 0.9673, 0.9672, 0.9683, 0.9689, 0.9702], [0.1136, 0.1135, 0.1028, 0.1135, 0.1135, 0.1135, 0.1135, 0.1135, 0.1137, 0.2269, 0.5345, 0.7991, 0.8585, 0.8876, 0.902, 0.908, 0.9144, 0.9225, 0.9302, 0.9352, 0.9373, 0.9402, 0.9439, 0.9473, 0.9508, 0.9535, 0.9525, 0.9563, 0.9588, 0.9626, 0.9634, 0.9652, 0.9668, 0.9666, 0.968, 0.9692, 0.9707]]","[2.3032505409240724, 2.301557150268555, 2.3019114795684814, 2.3016244514465334, 2.301753854370117, 2.3008562328338624, 2.3006047523498534, 2.3000791152954103, 2.296021849822998, 2.257726523590088, 1.52671532535553, 0.6446451731681824, 0.4607341688036919, 0.3852315658569336, 0.3371983677625656, 0.30942081904411317, 0.2859777237892151, 0.261814502120018, 0.24264530246257782, 0.22726628031730653, 0.2104629234969616, 0.19762253198623658, 0.18431038131713867, 0.17241831510066985, 0.16427724796533585, 0.15537207585573196, 0.15245490342378618, 0.14570466261208057, 0.13488920072317123, 0.12722458687275648, 0.12245953395366668, 0.11859642476737499, 0.11665703428387642, 0.11205178797841073, 0.10621071824422106, 0.10530405137836933, 0.10532252397239208]"
8,0.03,"[[0.1135, 0.1135, 0.1135, 0.1135, 0.1135, 0.117, 0.2655, 0.5049, 0.7316, 0.8101, 0.8501, 0.8742, 0.8919, 0.9029, 0.9078, 0.9139, 0.9197, 0.9249, 0.9295, 0.933, 0.9367, 0.9396, 0.9423, 0.9453, 0.9475, 0.9513, 0.9532, 0.9562, 0.9569, 0.9601, 0.9618, 0.9621, 0.9632, 0.9654, 0.9666, 0.9678, 0.9687, 0.9681, 0.9701], [0.1135, 0.1135, 0.1135, 0.1135, 0.1359, 0.2251, 0.389, 0.679, 0.7987, 0.8499, 0.8716, 0.885, 0.8961, 0.9069, 0.9116, 0.9168, 0.9199, 0.9266, 0.9316, 0.9351, 0.9378, 0.94, 0.9437, 0.9458, 0.9498, 0.9493, 0.9539, 0.9543, 0.956, 0.9567, 0.9592, 0.9608, 0.9617, 0.9632, 0.9643, 0.9659, 0.968, 0.9688, 0.9693, 0.9705], [0.1135, 0.1135, 0.1136, 0.1135, 0.2305, 0.2725, 0.5108, 0.7259, 0.8198, 0.8586, 0.8736, 0.8895, 0.8996, 0.9069, 0.912, 0.9141, 0.9188, 0.9222, 0.9259, 0.9292, 0.9331, 0.9368, 0.9396, 0.9436, 0.9459, 0.9475, 0.9495, 0.9529, 0.9547, 0.9558, 0.9579, 0.961, 0.9619, 0.9629, 0.9664, 0.9654, 0.9674, 0.9683, 0.9702], [0.1135, 0.1135, 0.1135, 0.1135, 0.1135, 0.1135, 0.1135, 0.1135, 0.1135, 0.1924, 0.5115, 0.7476, 0.8375, 0.8748, 0.8902, 0.8984, 0.9071, 0.9133, 0.9164, 0.9215, 0.9258, 0.9312, 0.9356, 0.9402, 0.9419, 0.9456, 0.9483, 0.9512, 0.9537, 0.9574, 0.959, 0.9616, 0.9626, 0.9644, 0.9667, 0.967, 0.968, 0.968, 0.9681, 0.9699, 0.972], [0.1028, 0.1135, 0.1135, 0.1135, 0.1135, 0.1028, 0.1135, 0.1135, 0.1135, 0.1135, 0.1135, 0.1135, 0.1135, 0.1135, 0.1687, 0.6411, 0.7903, 0.8587, 0.8856, 0.8997, 0.9077, 0.9161, 0.9223, 0.9275, 0.9337, 0.9351, 0.9396, 0.9439, 0.9463, 0.952, 0.9541, 0.9558, 0.9579, 0.9611, 0.9623, 0.964, 0.9647, 0.967, 0.9688, 0.9693, 0.9708]]","[2.301654956436157, 2.301650977706909, 2.301147108078003, 2.301252145767212, 2.3013470436096193, 2.3021730476379396, 2.301651170349121, 2.30156686706543, 2.301256164932251, 2.3010331398010253, 2.3011300048828125, 2.300727576828003, 2.3000650981903075, 2.2963808727264405, 2.2404708786010743, 1.2319683950424194, 0.6299484788894654, 0.4647604821205139, 0.3827537940979004, 0.33686397595405576, 0.31047249693870543, 0.2815033348321915, 0.26075332467556, 0.24260415576696395, 0.22622666854858398, 0.2169707646727562, 0.19925932289361953, 0.18429706013202668, 0.1731588214159012, 0.16159112663269043, 0.15421647849977016, 0.1470539688408375, 0.14063716572523116, 0.13175972611885517, 0.12812298625707627, 0.12367085713148117, 0.11871155752241612, 0.11380115314591677, 0.10915415375232697, 0.10450627811774611, 0.10257011401057244]"
8,0.04,"[[0.1135, 0.1135, 0.1135, 0.1135, 0.1028, 0.1135, 0.1135, 0.1028, 0.1135, 0.1135, 0.1135, 0.1135, 0.3036, 0.4661, 0.7044, 0.814, 0.86, 0.8825, 0.8978, 0.9041, 0.9091, 0.9142, 0.9208, 0.9247, 0.928, 0.9331, 0.9357, 0.9385, 0.94, 0.9461, 0.9462, 0.9489, 0.9519, 0.9552, 0.9576, 0.959, 0.9612, 0.9628, 0.9625, 0.9643, 0.9668, 0.9667, 0.967, 0.9684, 0.9688, 0.9695, 0.9705], [0.1135, 0.1135, 0.1135, 0.1135, 0.1135, 0.1007, 0.1135, 0.1135, 0.1135, 0.1135, 0.1135, 0.1135, 0.1135, 0.1136, 0.3022, 0.5966, 0.7808, 0.85, 0.8763, 0.8922, 0.9011, 0.9072, 0.916, 0.9226, 0.9272, 0.9296, 0.9335, 0.9366, 0.9392, 0.9447, 0.9452, 0.9482, 0.9501, 0.9547, 0.9561, 0.9573, 0.9598, 0.9621, 0.962, 0.964, 0.9654, 0.9668, 0.9676, 0.969, 0.9689, 0.9702], [0.1028, 0.1135, 0.1135, 0.1501, 0.1207, 0.1224, 0.3375, 0.5083, 0.6792, 0.7899, 0.8381, 0.8653, 0.8814, 0.8932, 0.9, 0.9047, 0.9084, 0.9119, 0.9159, 0.9199, 0.9232, 0.9275, 0.931, 0.9337, 0.9379, 0.9405, 0.9445, 0.9465, 0.9483, 0.9523, 0.9546, 0.9559, 0.957, 0.9594, 0.9594, 0.961, 0.9617, 0.9627, 0.9645, 0.9659, 0.9666, 0.967, 0.9672, 0.9687, 0.9694, 0.97], [0.1135, 0.1135, 0.1135, 0.1135, 0.1135, 0.1135, 0.1135, 0.1135, 0.1135, 0.262, 0.3547, 0.5673, 0.7656, 0.8279, 0.8589, 0.8801, 0.8927, 0.9003, 0.9083, 0.916, 0.9175, 0.9234, 0.9274, 0.931, 0.9347, 0.9374, 0.9396, 0.9426, 0.9466, 0.9506, 0.9528, 0.9555, 0.9566, 0.9595, 0.9621, 0.9624, 0.9635, 0.9658, 0.9649, 0.9666, 0.9668, 0.9681, 0.9682, 0.9692, 0.9702], [0.1135, 0.1157, 0.1135, 0.1135, 0.1138, 0.1251, 0.1893, 0.4378, 0.6464, 0.7603, 0.8218, 0.8546, 0.8781, 0.8942, 0.9012, 0.9068, 0.9115, 0.9166, 0.9217, 0.9245, 0.9266, 0.9294, 0.9323, 0.9368, 0.9384, 0.9406, 0.9438, 0.9464, 0.9487, 0.9517, 0.9527, 0.9577, 0.9596, 0.9595, 0.9614, 0.9643, 0.9649, 0.9653, 0.9662, 0.966, 0.9682, 0.9691, 0.9686, 0.9703]]","[2.3008960609436033, 2.301628576660156, 2.3007922756195067, 2.29980707321167, 2.298492184829712, 2.292169066619873, 2.262268705368042, 2.054845718002319, 1.204697301673889, 0.7180502345085144, 0.553389997959137, 0.4689109191894531, 0.40705608310699465, 0.36324064483642576, 0.3382524817466736, 0.32328110802173615, 0.30566502652168276, 0.28732919380664823, 0.2715901066303253, 0.26360348321199417, 0.2513585530757904, 0.23929700722694397, 0.22724418535232543, 0.21369122262001036, 0.20085740795135498, 0.19419122488200666, 0.18487948322296144, 0.17521863426566123, 0.16588344608545302, 0.15582530162334443, 0.15362730360031127, 0.14523441401720047, 0.13793418300747873, 0.13235516738295555, 0.1308953331399709, 0.1227851504445076, 0.11868568623065949, 0.11657568231225014, 0.11266275936365128, 0.11175519328862428, 0.10671880295872688, 0.10486045907735825, 0.10507979986667633, 0.09999067523628473]"
8,0.05,"[[0.1135, 0.1135, 0.1135, 0.1135, 0.1135, 0.118, 0.1926, 0.3447, 0.4876, 0.6717, 0.7564, 0.8188, 0.8501, 0.8696, 0.8812, 0.8903, 0.8974, 0.9033, 0.9087, 0.9133, 0.9163, 0.92, 0.9228, 0.9267, 0.9302, 0.9341, 0.9369, 0.9392, 0.9428, 0.9467, 0.9463, 0.9496, 0.9525, 0.9546, 0.9564, 0.9576, 0.9584, 0.9601, 0.9632, 0.9636, 0.964, 0.9637, 0.9659, 0.966, 0.9664, 0.9679, 0.9683, 0.9691, 0.9684, 0.9692, 0.9699, 0.9707], [0.1135, 0.1135, 0.1135, 0.1135, 0.1135, 0.1135, 0.1135, 0.1135, 0.1135, 0.1228, 0.2833, 0.4705, 0.6607, 0.7564, 0.8155, 0.8511, 0.8734, 0.8866, 0.8988, 0.9048, 0.9085, 0.9139, 0.9197, 0.9234, 0.9275, 0.9283, 0.9319, 0.9366, 0.9375, 0.9417, 0.9449, 0.9474, 0.95, 0.9512, 0.9544, 0.9547, 0.9572, 0.9575, 0.9611, 0.9615, 0.9619, 0.9623, 0.965, 0.9661, 0.965, 0.9668, 0.9678, 0.9686, 0.9694, 0.9701], [0.1135, 0.1135, 0.1135, 0.1135, 0.1405, 0.1135, 0.1135, 0.1135, 0.1135, 0.1135, 0.1135, 0.1135, 0.1135, 0.1135, 0.1135, 0.1142, 0.4074, 0.6541, 0.7896, 0.8484, 0.8801, 0.8898, 0.9016, 0.9089, 0.9153, 0.918, 0.9215, 0.9236, 0.9278, 0.9336, 0.9343, 0.9374, 0.94, 0.9437, 0.9461, 0.9486, 0.952, 0.9526, 0.9541, 0.9563, 0.9585, 0.96, 0.9603, 0.9627, 0.9626, 0.9658, 0.9647, 0.966, 0.967, 0.968, 0.9685, 0.9708], [0.1135, 0.1135, 0.1135, 0.1135, 0.1135, 0.1135, 0.1135, 0.1135, 0.1135, 0.1135, 0.2136, 0.4489, 0.6273, 0.7568, 0.8231, 0.8605, 0.8796, 0.8925, 0.8995, 0.9041, 0.91, 0.9162, 0.9183, 0.9241, 0.9285, 0.9307, 0.9359, 0.9388, 0.9417, 0.9418, 0.9441, 0.9465, 0.9504, 0.9517, 0.9534, 0.9547, 0.9558, 0.9576, 0.9589, 0.9607, 0.9617, 0.9625, 0.964, 0.9649, 0.9652, 0.9669, 0.9677, 0.9678, 0.9679, 0.9681, 0.9701], [0.1146, 0.1135, 0.1135, 0.1135, 0.1135, 0.1135, 0.1135, 0.1136, 0.2319, 0.4368, 0.5952, 0.7386, 0.8245, 0.8595, 0.8743, 0.8864, 0.8964, 0.9027, 0.9109, 0.9147, 0.9162, 0.9194, 0.9236, 0.9273, 0.9296, 0.933, 0.9342, 0.9369, 0.9397, 0.944, 0.9442, 0.9465, 0.9487, 0.9509, 0.9515, 0.9537, 0.9547, 0.9562, 0.9595, 0.9582, 0.9595, 0.9602, 0.962, 0.9623, 0.9638, 0.9645, 0.965, 0.967, 0.9668, 0.9678, 0.967, 0.969, 0.9702]]","[2.3017611751556397, 2.301407638549805, 2.300867837905884, 2.300774230194092, 2.300675109863281, 2.2992354877471923, 2.29873177986145, 2.294811191940308, 2.281318515396118, 2.1901067794799807, 1.5889497283935548, 0.8188857990264893, 0.5486439208984375, 0.4656789423942566, 0.4231670153617859, 0.39040413360595705, 0.36180722551345823, 0.3369718514919281, 0.3233372748374939, 0.3057615641832352, 0.29743232148587706, 0.2833065935611725, 0.27058681280612945, 0.25785802550315856, 0.24733759281635284, 0.2366643426299095, 0.22551029179096221, 0.21496360329389572, 0.2054342739403248, 0.19467593625783922, 0.1871147604227066, 0.18049714243412018, 0.17160984760969877, 0.16421707513928413, 0.15739319283664227, 0.15391041226238011, 0.15266903364658355, 0.14799933596327902, 0.13898192738890647, 0.13563721081018448, 0.13156196992620825, 0.12797940772622823, 0.1261871445145458, 0.12140498360991478, 0.11584311380051077, 0.11797735014408826, 0.11407528923302888, 0.11114832667708396, 0.11069660801887513, 0.10908230897784234, 0.10730767160821707, 0.10385904384553432, 0.09906999770849943]"
8,0.06,"[[0.1135, 0.1135, 0.1135, 0.1135, 0.1135, 0.1135, 0.1135, 0.1135, 0.1076, 0.1135, 0.1135, 0.1135, 0.1135, 0.1673, 0.3374, 0.5851, 0.7303, 0.8069, 0.8511, 0.8673, 0.8817, 0.8937, 0.9001, 0.905, 0.9101, 0.9109, 0.9136, 0.9177, 0.9191, 0.924, 0.9241, 0.928, 0.9323, 0.9348, 0.936, 0.9372, 0.9401, 0.9411, 0.9459, 0.949, 0.9487, 0.9507, 0.9539, 0.9553, 0.9565, 0.9582, 0.9601, 0.9601, 0.961, 0.9618, 0.9632, 0.9656, 0.9652, 0.9657, 0.9668, 0.9674, 0.9681, 0.9692, 0.97], [0.1135, 0.1135, 0.1135, 0.1135, 0.1135, 0.1135, 0.1135, 0.098, 0.1135, 0.1135, 0.1135, 0.1135, 0.2288, 0.4071, 0.6101, 0.7468, 0.8202, 0.8588, 0.8788, 0.8918, 0.8981, 0.9051, 0.9107, 0.9141, 0.9178, 0.9196, 0.9241, 0.925, 0.929, 0.9321, 0.9334, 0.9368, 0.9399, 0.9404, 0.9444, 0.9467, 0.9476, 0.9509, 0.9525, 0.9544, 0.9551, 0.9579, 0.9608, 0.9603, 0.962, 0.9635, 0.9643, 0.9661, 0.9662, 0.9654, 0.9676, 0.9683, 0.9684, 0.9687, 0.9683, 0.9692, 0.9708], [0.1135, 0.1135, 0.1135, 0.1135, 0.1135, 0.1135, 0.1135, 0.1135, 0.1135, 0.1005, 0.1135, 0.1135, 0.1135, 0.1135, 0.2857, 0.35, 0.5496, 0.7294, 0.811, 0.8501, 0.8727, 0.8846, 0.8951, 0.9034, 0.9085, 0.9104, 0.9137, 0.9197, 0.9225, 0.9232, 0.927, 0.9273, 0.9315, 0.9337, 0.9374, 0.9385, 0.9429, 0.9416, 0.9448, 0.9477, 0.9496, 0.952, 0.9558, 0.9578, 0.9572, 0.9574, 0.9586, 0.9613, 0.9625, 0.9624, 0.9634, 0.9641, 0.9656, 0.9673, 0.9676, 0.9685, 0.9677, 0.9678, 0.9692, 0.969, 0.9704], [0.1135, 0.1135, 0.1028, 0.1135, 0.1135, 0.1135, 0.1135, 0.153, 0.1135, 0.1135, 0.1386, 0.1961, 0.4284, 0.5565, 0.7037, 0.7894, 0.8381, 0.8651, 0.882, 0.8898, 0.8963, 0.8999, 0.9062, 0.9082, 0.9128, 0.9172, 0.9199, 0.9229, 0.9255, 0.9306, 0.9341, 0.9334, 0.9365, 0.939, 0.9431, 0.9443, 0.9455, 0.9491, 0.9511, 0.9518, 0.9538, 0.9555, 0.955, 0.9569, 0.9579, 0.9601, 0.9595, 0.9623, 0.9634, 0.9641, 0.966, 0.9654, 0.9658, 0.9671, 0.9668, 0.9686, 0.9692, 0.9702], [0.1135, 0.1135, 0.1135, 0.1135, 0.1135, 0.1135, 0.1135, 0.1135, 0.1135, 0.1135, 0.3237, 0.4793, 0.6745, 0.7784, 0.8323, 0.8537, 0.87, 0.8848, 0.8938, 0.8984, 0.9046, 0.9078, 0.9128, 0.9169, 0.9215, 0.9215, 0.9245, 0.9269, 0.9303, 0.9342, 0.9364, 0.9393, 0.9409, 0.943, 0.9478, 0.9495, 0.9501, 0.9527, 0.9543, 0.9559, 0.9565, 0.9586, 0.9603, 0.9597, 0.9616, 0.9633, 0.9627, 0.9647, 0.966, 0.9663, 0.9675, 0.9683, 0.9681, 0.9676, 0.9694, 0.9703]]","[2.3014836811065673, 2.3012885040283204, 2.3013508335113526, 2.3010670349121094, 2.3005842655181885, 2.3005584602355955, 2.300026825714111, 2.299040843582153, 2.296441088104248, 2.2875422306060793, 2.2448005599975587, 2.002367490005493, 1.1216672557830811, 0.6834230773925781, 0.5434589093208313, 0.48794016065597534, 0.43770856351852416, 0.39376279573440554, 0.37115379734039305, 0.35583470192551614, 0.334861399269104, 0.3214315573215485, 0.3047359360218048, 0.28912844021320344, 0.28098938279747965, 0.2725072416305542, 0.25381830973625186, 0.24621470544338225, 0.2334018230021, 0.21956582293510438, 0.21422628178596498, 0.20328761127591133, 0.19663511927127839, 0.19045235478878023, 0.1781628331542015, 0.17013364762067795, 0.16414212449789048, 0.15914741587638856, 0.15356565197855235, 0.14749303077459336, 0.14570781810581684, 0.1410050781607628, 0.1341531537771225, 0.1334912101596594, 0.12631841223165394, 0.12297275586724281, 0.12179967648983002, 0.1199372718065977, 0.11499770072102547, 0.1129910969644785, 0.10964380893968045, 0.10884660706222057, 0.10733524795807899, 0.10608823730126023, 0.10311376862227917, 0.10054542237371206]"
32,0.0,"[[0.1135, 0.1135, 0.1431, 0.1135, 0.1138, 0.2485, 0.4165, 0.7401, 0.8478, 0.8793, 0.8947, 0.906, 0.914, 0.9208, 0.9284, 0.9323, 0.937, 0.9405, 0.9451, 0.948, 0.9497, 0.9549, 0.9569, 0.9593, 0.96, 0.9614, 0.9634, 0.9644, 0.9646, 0.9663, 0.9655, 0.9661, 0.9684, 0.969, 0.9703], [0.1135, 0.1135, 0.1135, 0.0975, 0.1135, 0.1135, 0.1135, 0.1145, 0.3649, 0.7429, 0.8456, 0.8821, 0.9023, 0.913, 0.9184, 0.9253, 0.9312, 0.9375, 0.9434, 0.9463, 0.9504, 0.9527, 0.9548, 0.9576, 0.961, 0.9626, 0.9636, 0.9639, 0.9658, 0.9681, 0.9673, 0.9689, 0.9695, 0.9703], [0.1135, 0.1028, 0.1121, 0.1166, 0.1249, 0.2949, 0.6193, 0.8062, 0.8638, 0.8889, 0.8995, 0.9079, 0.9173, 0.9228, 0.9295, 0.9354, 0.9383, 0.9436, 0.9483, 0.951, 0.9554, 0.9565, 0.9599, 0.9616, 0.9633, 0.9644, 0.9661, 0.9665, 0.9661, 0.9678, 0.9708], [0.1135, 0.1135, 0.1135, 0.1135, 0.1135, 0.1135, 0.1137, 0.3573, 0.7235, 0.8433, 0.877, 0.8984, 0.9133, 0.9163, 0.9228, 0.9286, 0.9321, 0.9377, 0.9427, 0.948, 0.9511, 0.953, 0.9559, 0.9594, 0.9601, 0.9614, 0.9613, 0.9636, 0.9677, 0.9676, 0.9677, 0.9686, 0.9725], [0.1135, 0.1135, 0.1135, 0.1135, 0.1135, 0.1135, 0.1135, 0.1135, 0.1201, 0.2394, 0.6135, 0.8228, 0.8757, 0.8967, 0.9096, 0.9186, 0.9234, 0.931, 0.9376, 0.942, 0.9461, 0.9474, 0.9511, 0.9543, 0.9561, 0.9597, 0.9615, 0.9645, 0.9656, 0.9662, 0.9679, 0.9698, 0.9683, 0.9701]]","[2.301857586669922, 2.3017939933776854, 2.3012450485229494, 2.3013110160827637, 2.3009138164520264, 2.3016559791564943, 2.300695555114746, 2.2996328033447266, 2.2943987209320067, 2.228519264984131, 1.1780431560516358, 0.578769261264801, 0.41386251435279847, 0.34898422937393186, 0.3073015025138855, 0.2786220223903656, 0.2539523433685303, 0.22787590527534485, 0.20908030452877283, 0.1954910388469696, 0.18494453278779985, 0.17159152553081514, 0.1608423133134842, 0.14846488658189774, 0.1442287554860115, 0.13486370979547502, 0.12997728604674338, 0.1225486075758934, 0.11921259624958039, 0.11347386207580566, 0.10995597247481347, 0.10899397318959236, 0.10676827378869057, 0.10417069667875767]"
32,0.01,"[[0.1135, 0.1135, 0.1135, 0.1135, 0.1135, 0.1372, 0.1135, 0.1146, 0.2461, 0.6171, 0.8161, 0.8705, 0.8932, 0.9046, 0.913, 0.9194, 0.9248, 0.9311, 0.9345, 0.9402, 0.9426, 0.9479, 0.9505, 0.9523, 0.9545, 0.9564, 0.9589, 0.9599, 0.9612, 0.9621, 0.9642, 0.9648, 0.9668, 0.9673, 0.9682, 0.9693, 0.9704], [0.1135, 0.1135, 0.1135, 0.1135, 0.1, 0.1135, 0.1135, 0.1142, 0.2275, 0.5383, 0.7778, 0.8547, 0.8862, 0.9035, 0.9157, 0.9222, 0.9253, 0.9291, 0.9347, 0.9389, 0.9416, 0.9458, 0.949, 0.9525, 0.9552, 0.9583, 0.9617, 0.9628, 0.9633, 0.9672, 0.9685, 0.9687, 0.9709], [0.1135, 0.1135, 0.1135, 0.1135, 0.1155, 0.1264, 0.119, 0.3109, 0.6338, 0.8161, 0.8634, 0.8893, 0.9051, 0.9169, 0.924, 0.9282, 0.934, 0.9375, 0.9412, 0.9453, 0.9475, 0.9493, 0.9524, 0.9542, 0.9573, 0.9589, 0.9616, 0.9623, 0.9643, 0.9655, 0.9664, 0.9679, 0.9671, 0.9694, 0.9708], [0.1135, 0.1135, 0.1135, 0.1135, 0.0922, 0.1135, 0.1171, 0.3944, 0.6779, 0.8168, 0.8703, 0.8913, 0.9045, 0.9128, 0.9213, 0.9248, 0.9295, 0.9356, 0.9397, 0.9434, 0.9479, 0.949, 0.9518, 0.9545, 0.9554, 0.9575, 0.9573, 0.9611, 0.9627, 0.964, 0.9649, 0.9665, 0.9686, 0.9698, 0.9704], [0.1032, 0.1032, 0.1135, 0.1023, 0.1135, 0.2074, 0.4222, 0.7363, 0.8399, 0.8809, 0.8996, 0.9073, 0.9135, 0.9184, 0.9253, 0.9285, 0.9346, 0.9395, 0.9443, 0.9477, 0.9504, 0.9518, 0.9556, 0.9587, 0.9586, 0.9598, 0.9609, 0.9626, 0.9641, 0.9665, 0.9676, 0.9677, 0.9687, 0.9682, 0.971]]","[2.302593492126465, 2.301726565551758, 2.299933642578125, 2.2985402355194093, 2.294252011871338, 2.261300907897949, 1.871081022453308, 0.7981109346389771, 0.5062851420402527, 0.39644932641983033, 0.34314759817123414, 0.3114473613739014, 0.2865142270416021, 0.2686356150388718, 0.2478622444152832, 0.2317031670331955, 0.21461228949427605, 0.199751060795784, 0.18543071244359016, 0.1747507242321968, 0.1651350190639496, 0.1559989408135414, 0.14534791961908342, 0.1387537371277809, 0.13319153792262078, 0.12833811373710632, 0.12423614057004452, 0.11899142531901598, 0.1120776082098484, 0.10607072310745716, 0.10512019622027874, 0.10233877470493316, 0.1005939762301743, 0.10217182745337486, 0.09504672781676055]"
32,0.02,"[[0.1135, 0.1009, 0.1135, 0.1135, 0.1135, 0.1124, 0.2018, 0.4444, 0.6983, 0.8129, 0.8565, 0.8799, 0.8912, 0.9003, 0.9106, 0.9171, 0.9215, 0.9268, 0.9313, 0.9353, 0.9389, 0.9402, 0.9448, 0.9488, 0.9507, 0.9536, 0.9558, 0.9577, 0.9593, 0.9607, 0.9631, 0.9641, 0.9648, 0.9666, 0.9665, 0.9679, 0.969, 0.9693, 0.9704], [0.1135, 0.1135, 0.1135, 0.1135, 0.1222, 0.1014, 0.1161, 0.3211, 0.6153, 0.7823, 0.8515, 0.8781, 0.8915, 0.8997, 0.9083, 0.915, 0.9199, 0.9255, 0.9293, 0.9348, 0.9386, 0.9418, 0.9432, 0.9454, 0.9501, 0.9522, 0.9548, 0.9577, 0.9599, 0.9624, 0.9619, 0.9629, 0.9658, 0.9677, 0.967, 0.9688, 0.9687, 0.9704], [0.1135, 0.1135, 0.1135, 0.1135, 0.098, 0.1135, 0.1135, 0.1135, 0.2084, 0.442, 0.7201, 0.8266, 0.8692, 0.8868, 0.8993, 0.9065, 0.9155, 0.9241, 0.9303, 0.9339, 0.9362, 0.9417, 0.9444, 0.9481, 0.9537, 0.9562, 0.9584, 0.9608, 0.9622, 0.9627, 0.9653, 0.9672, 0.9663, 0.9668, 0.9689, 0.9684, 0.969, 0.9695, 0.9706], [0.1135, 0.1135, 0.1135, 0.1135, 0.1135, 0.1135, 0.1135, 0.1135, 0.1011, 0.1026, 0.1135, 0.0972, 0.1144, 0.387, 0.6966, 0.824, 0.876, 0.8994, 0.9106, 0.9197, 0.923, 0.9265, 0.9331, 0.9364, 0.9413, 0.9445, 0.9471, 0.9522, 0.9533, 0.9557, 0.9573, 0.9606, 0.9609, 0.9617, 0.9637, 0.9649, 0.9656, 0.9684, 0.9697, 0.9711], [0.1135, 0.1135, 0.1028, 0.1028, 0.1135, 0.1135, 0.1135, 0.1135, 0.1152, 0.1135, 0.3174, 0.6272, 0.8021, 0.8607, 0.8853, 0.8986, 0.9086, 0.9179, 0.9246, 0.9291, 0.9342, 0.937, 0.941, 0.9444, 0.9477, 0.9504, 0.9529, 0.9544, 0.9569, 0.9604, 0.9599, 0.962, 0.9639, 0.964, 0.9659, 0.9663, 0.9671, 0.969, 0.9698, 0.9708]]","[2.3020793365478514, 2.3013470596313477, 2.302507509613037, 2.301443466949463, 2.3014157451629638, 2.3010946105957033, 2.3012379848480227, 2.300563998413086, 2.2994412982940675, 2.2942048091888427, 2.2275366390228273, 1.2636003086090088, 0.619132067489624, 0.4581587347507477, 0.390001433634758, 0.3483734728336334, 0.31322197642326355, 0.2845509298324585, 0.25972551648616793, 0.24049472255706786, 0.2233484274148941, 0.2080000839471817, 0.19282843515872955, 0.18074704291820526, 0.16936693935394287, 0.16052459266781807, 0.15148830889463424, 0.1439200915813446, 0.13833447996377946, 0.13104217030405999, 0.1264453828752041, 0.12178703531622886, 0.11638568826317787, 0.11159152206778526, 0.10798999983072281, 0.10534747588289901, 0.10672952746748925, 0.09879557565450668, 0.09699564722180366, 0.09591391890347004]"
32,0.03,"[[0.1135, 0.1135, 0.1135, 0.1135, 0.1135, 0.1135, 0.1135, 0.1135, 0.1135, 0.1167, 0.1135, 0.1192, 0.3738, 0.6414, 0.7895, 0.851, 0.8769, 0.8881, 0.9011, 0.9085, 0.9164, 0.9234, 0.9282, 0.9318, 0.9366, 0.9388, 0.9426, 0.9455, 0.9464, 0.9506, 0.9513, 0.9552, 0.9575, 0.9588, 0.9612, 0.9628, 0.9649, 0.9658, 0.9663, 0.9683, 0.9686, 0.9688, 0.9703], [0.1135, 0.189, 0.1135, 0.1923, 0.1146, 0.2572, 0.3818, 0.6073, 0.7619, 0.824, 0.8542, 0.8714, 0.8866, 0.8972, 0.9047, 0.9112, 0.9155, 0.9221, 0.926, 0.9295, 0.9332, 0.9369, 0.9413, 0.943, 0.947, 0.9492, 0.9508, 0.9532, 0.9541, 0.9568, 0.9583, 0.9601, 0.9627, 0.964, 0.9646, 0.9661, 0.9679, 0.969, 0.9707], [0.1135, 0.1135, 0.1135, 0.1135, 0.1135, 0.1135, 0.1136, 0.1136, 0.2485, 0.4561, 0.7041, 0.8074, 0.8534, 0.8775, 0.8934, 0.9023, 0.9073, 0.9129, 0.9181, 0.9239, 0.9293, 0.9327, 0.9369, 0.9398, 0.9411, 0.9434, 0.9475, 0.9513, 0.953, 0.9557, 0.9575, 0.9593, 0.9613, 0.9614, 0.9631, 0.9647, 0.9642, 0.9659, 0.9667, 0.969, 0.9694, 0.9699, 0.9716], [0.1135, 0.1135, 0.1135, 0.1135, 0.1032, 0.1135, 0.1135, 0.1135, 0.1032, 0.1135, 0.1135, 0.1135, 0.1135, 0.1135, 0.3336, 0.6377, 0.7892, 0.851, 0.8797, 0.8933, 0.9039, 0.911, 0.917, 0.9234, 0.9292, 0.934, 0.9382, 0.9411, 0.9432, 0.9457, 0.9488, 0.9522, 0.9516, 0.9549, 0.9581, 0.9594, 0.9615, 0.9633, 0.9654, 0.9664, 0.9663, 0.968, 0.9695, 0.9695, 0.9701], [0.1135, 0.1135, 0.1135, 0.1135, 0.1135, 0.1158, 0.137, 0.3774, 0.6397, 0.7713, 0.8289, 0.8554, 0.8771, 0.8879, 0.9004, 0.9065, 0.9126, 0.9171, 0.9224, 0.9251, 0.9299, 0.935, 0.9362, 0.9392, 0.9434, 0.9464, 0.9502, 0.9511, 0.9544, 0.9574, 0.9587, 0.9606, 0.9624, 0.9638, 0.9648, 0.9659, 0.9679, 0.9684, 0.9694, 0.9711]]","[2.3011717582702635, 2.300943093109131, 2.301086449432373, 2.300388774871826, 2.299347777175903, 2.2969289630889893, 2.2821612297058107, 2.147443103790283, 1.3201832735061645, 0.7183830597877502, 0.5456206157684326, 0.46422738971710203, 0.4094844657897949, 0.3743143478035927, 0.34220942821502687, 0.3186733916759491, 0.2965503241479397, 0.2812391241788864, 0.26497830292880536, 0.25110559685230255, 0.23552743225395678, 0.2229235505387187, 0.21330928444862365, 0.20223668529987335, 0.18944030150175095, 0.17870560348033904, 0.16902770620584487, 0.15820132142305374, 0.1501153978034854, 0.14237240001559257, 0.13753725188672541, 0.13154264867901802, 0.12645121116638183, 0.12108478389382363, 0.11814419772028922, 0.11425167879462242, 0.10972810117974878, 0.10839428575485945, 0.10379385331273079, 0.09812738102674484]"
32,0.04,"[[0.1028, 0.1135, 0.1135, 0.1135, 0.1028, 0.1167, 0.1135, 0.2261, 0.468, 0.6068, 0.7231, 0.7844, 0.8376, 0.867, 0.8824, 0.8927, 0.9001, 0.9073, 0.9127, 0.9167, 0.9198, 0.9223, 0.9264, 0.93, 0.9359, 0.9362, 0.9392, 0.9431, 0.9446, 0.9489, 0.9513, 0.9532, 0.9548, 0.9557, 0.9567, 0.9586, 0.9609, 0.9623, 0.9636, 0.9626, 0.9646, 0.9655, 0.9672, 0.9675, 0.9689, 0.9697, 0.9703], [0.1135, 0.1135, 0.1135, 0.1135, 0.1135, 0.1135, 0.1135, 0.1135, 0.1138, 0.2747, 0.5312, 0.7044, 0.7729, 0.8248, 0.8544, 0.8739, 0.8875, 0.8978, 0.9042, 0.9122, 0.9138, 0.9174, 0.922, 0.9256, 0.9293, 0.933, 0.9361, 0.9387, 0.9412, 0.9453, 0.9468, 0.9504, 0.9535, 0.9548, 0.9558, 0.9577, 0.9592, 0.9613, 0.9636, 0.9655, 0.966, 0.9662, 0.967, 0.9683, 0.9684, 0.9698, 0.9711], [0.1135, 0.1135, 0.1135, 0.1135, 0.1139, 0.1135, 0.1135, 0.1135, 0.1156, 0.2849, 0.5386, 0.6971, 0.7874, 0.8369, 0.8657, 0.8822, 0.892, 0.9011, 0.9064, 0.9134, 0.9157, 0.9206, 0.9232, 0.9272, 0.9299, 0.9324, 0.9368, 0.9397, 0.943, 0.9467, 0.9495, 0.95, 0.952, 0.9548, 0.9576, 0.9592, 0.96, 0.9617, 0.9636, 0.9663, 0.9673, 0.9681, 0.968, 0.9698, 0.9712], [0.1135, 0.1135, 0.1135, 0.1135, 0.1132, 0.1135, 0.1352, 0.3619, 0.5716, 0.6993, 0.7859, 0.8251, 0.8537, 0.8741, 0.889, 0.8965, 0.9036, 0.9079, 0.9114, 0.9169, 0.9189, 0.9225, 0.9276, 0.9304, 0.9333, 0.9368, 0.941, 0.9427, 0.9452, 0.9462, 0.9488, 0.9507, 0.9534, 0.9556, 0.9567, 0.9603, 0.9605, 0.9629, 0.9635, 0.9632, 0.9648, 0.9652, 0.9664, 0.9679, 0.9702], [0.1135, 0.1135, 0.101, 0.1135, 0.1135, 0.0958, 0.1135, 0.1135, 0.1135, 0.1135, 0.1135, 0.1135, 0.1135, 0.1135, 0.1135, 0.1135, 0.1145, 0.4733, 0.743, 0.8184, 0.8582, 0.8844, 0.8988, 0.9076, 0.9133, 0.9187, 0.923, 0.9271, 0.9307, 0.9338, 0.9361, 0.9406, 0.9435, 0.944, 0.948, 0.9499, 0.954, 0.9554, 0.9585, 0.9581, 0.9605, 0.9608, 0.9623, 0.9637, 0.9657, 0.9672, 0.9682, 0.9695, 0.9716]]","[2.3011669078826906, 2.30137061920166, 2.301763329696655, 2.3016106456756593, 2.301453652191162, 2.3025592830657957, 2.3012321060180665, 2.3012636638641357, 2.3014153369903565, 2.301046050262451, 2.301908749771118, 2.3011006031036376, 2.3014031147003173, 2.301241066741943, 2.3003378532409666, 2.298420448684692, 2.2821550884246826, 1.9331528093338013, 0.8559498714447021, 0.5584197098255157, 0.453556289434433, 0.3914911860466003, 0.3482143621683121, 0.3175244469285011, 0.3005198304772377, 0.28114036345481874, 0.2655461109876633, 0.24748915741443633, 0.23331269474029542, 0.22090072450637818, 0.21078809945583343, 0.19327935838699342, 0.18373495011329652, 0.17699561643600464, 0.16626297347545624, 0.16037876195013523, 0.15213639355897904, 0.14440114408433438, 0.13540808270573615, 0.13090887103676796, 0.12588380471616983, 0.12302946887612343, 0.1180829765021801, 0.11539125729501247, 0.10939655985236169, 0.10564045029878616, 0.10367313223481178, 0.10196986453831196, 0.09872751123011113]"
32,0.05,"[[0.1135, 0.1135, 0.1135, 0.1135, 0.1135, 0.1135, 0.1137, 0.1135, 0.1135, 0.2106, 0.2809, 0.4917, 0.6775, 0.7695, 0.8106, 0.8389, 0.863, 0.8834, 0.8924, 0.902, 0.9069, 0.9097, 0.913, 0.9167, 0.9198, 0.9238, 0.9278, 0.9288, 0.933, 0.9356, 0.9376, 0.9398, 0.9427, 0.9453, 0.9475, 0.9498, 0.9521, 0.9538, 0.9551, 0.9559, 0.9569, 0.9586, 0.9609, 0.9616, 0.9625, 0.9635, 0.9635, 0.9651, 0.966, 0.9666, 0.9675, 0.9693, 0.9697, 0.9699, 0.971], [0.1028, 0.1135, 0.1135, 0.1032, 0.1135, 0.1135, 0.1135, 0.1135, 0.1135, 0.1135, 0.1135, 0.1135, 0.1918, 0.3461, 0.5661, 0.7073, 0.7912, 0.8391, 0.8652, 0.8821, 0.8937, 0.9018, 0.9061, 0.912, 0.914, 0.9177, 0.9221, 0.926, 0.9288, 0.9299, 0.9336, 0.9346, 0.9385, 0.941, 0.9429, 0.9448, 0.9476, 0.9496, 0.9513, 0.9552, 0.9564, 0.9581, 0.9608, 0.9602, 0.963, 0.9636, 0.9632, 0.9644, 0.9656, 0.9651, 0.967, 0.9691, 0.9685, 0.9684, 0.9682, 0.9694, 0.9706], [0.1135, 0.1135, 0.1028, 0.1135, 0.1135, 0.1135, 0.1135, 0.1135, 0.1135, 0.1028, 0.1135, 0.1353, 0.1135, 0.1135, 0.2705, 0.5158, 0.6846, 0.7997, 0.8373, 0.8637, 0.8786, 0.8929, 0.9041, 0.9082, 0.9107, 0.9151, 0.9195, 0.9231, 0.9257, 0.9295, 0.9305, 0.9332, 0.9371, 0.9405, 0.9413, 0.9429, 0.9469, 0.9485, 0.9511, 0.9542, 0.9554, 0.9564, 0.9578, 0.9588, 0.9593, 0.9615, 0.9624, 0.9637, 0.9641, 0.965, 0.9654, 0.9665, 0.9666, 0.9677, 0.9691, 0.9691, 0.9694, 0.9706], [0.1135, 0.1135, 0.1135, 0.1135, 0.1136, 0.1135, 0.1135, 0.1135, 0.1135, 0.2333, 0.3524, 0.5615, 0.7021, 0.774, 0.814, 0.8444, 0.8654, 0.8851, 0.8935, 0.8995, 0.9048, 0.9098, 0.9154, 0.9187, 0.9224, 0.9246, 0.9277, 0.9305, 0.9329, 0.936, 0.9383, 0.9406, 0.9433, 0.946, 0.9493, 0.9514, 0.9537, 0.9554, 0.9549, 0.9574, 0.9593, 0.9605, 0.9609, 0.9622, 0.9633, 0.9651, 0.9656, 0.9668, 0.9674, 0.9673, 0.9689, 0.9692, 0.9687, 0.9707], [0.1032, 0.1135, 0.1032, 0.1135, 0.1135, 0.1135, 0.1135, 0.1135, 0.1135, 0.1135, 0.1135, 0.1135, 0.1028, 0.1032, 0.1264, 0.3941, 0.668, 0.7689, 0.8226, 0.8544, 0.8732, 0.8869, 0.9023, 0.906, 0.9115, 0.9131, 0.918, 0.9203, 0.9236, 0.9274, 0.9306, 0.9321, 0.9379, 0.9385, 0.9428, 0.9451, 0.9468, 0.9494, 0.9513, 0.9535, 0.9549, 0.9561, 0.9576, 0.9593, 0.9602, 0.9608, 0.9619, 0.9634, 0.964, 0.9632, 0.9655, 0.9676, 0.968, 0.9693, 0.9703]]","[2.301344443511963, 2.301708191680908, 2.301456773376465, 2.3017942573547363, 2.301328412246704, 2.3016841136932373, 2.300911783981323, 2.300832572555542, 2.3015636932373047, 2.301588221740723, 2.3009923671722414, 2.300933307647705, 2.299849761581421, 2.296715245437622, 2.2812893585205076, 2.138076955413818, 1.3330441541671754, 0.7217043451309204, 0.5553386748790741, 0.4782802012443543, 0.43069578647613527, 0.384954026889801, 0.3504631387233734, 0.32752600574493407, 0.3061606095433235, 0.29542057814598083, 0.2813216021776199, 0.2743525711297989, 0.26047102181315424, 0.24697912191152574, 0.23625955710411073, 0.2292471111059189, 0.21128375951051712, 0.2041920609474182, 0.19470944904088974, 0.1896862613171339, 0.17917064604759217, 0.17243051421046257, 0.162724506893754, 0.15802672965340317, 0.15087928525209426, 0.1453485324472189, 0.13999999304413796, 0.1359419163763523, 0.1296615594893694, 0.1270053026139736, 0.12358655534982681, 0.12103203045129776, 0.1168058242034167, 0.11394831454455852, 0.10996232213675976, 0.10662934554219246, 0.10652096656858921, 0.10114773787027224, 0.09860992856919766]"
32,0.06,"[[0.1135, 0.1135, 0.1135, 0.1135, 0.1135, 0.1135, 0.1098, 0.1135, 0.1135, 0.1135, 0.1135, 0.3151, 0.4041, 0.576, 0.7036, 0.7617, 0.8082, 0.8363, 0.8633, 0.8831, 0.8909, 0.8933, 0.8998, 0.903, 0.9085, 0.9112, 0.9164, 0.9191, 0.9219, 0.9252, 0.9288, 0.9319, 0.9351, 0.9361, 0.938, 0.9401, 0.9418, 0.9437, 0.946, 0.9472, 0.9494, 0.9515, 0.9543, 0.9553, 0.9556, 0.9573, 0.9569, 0.9586, 0.96, 0.9614, 0.9627, 0.9638, 0.9648, 0.9645, 0.9665, 0.9668, 0.9685, 0.9687, 0.9707], [0.1135, 0.1135, 0.1135, 0.1028, 0.1135, 0.1135, 0.1135, 0.1135, 0.1135, 0.1135, 0.1135, 0.1135, 0.1135, 0.1135, 0.1135, 0.1135, 0.1135, 0.1135, 0.1557, 0.3489, 0.6214, 0.7387, 0.8044, 0.8416, 0.8656, 0.8783, 0.8906, 0.8984, 0.9048, 0.9105, 0.9139, 0.915, 0.9192, 0.9223, 0.9252, 0.928, 0.9305, 0.9327, 0.9341, 0.9369, 0.9389, 0.9424, 0.9452, 0.9471, 0.948, 0.9491, 0.952, 0.9536, 0.954, 0.9569, 0.9575, 0.9587, 0.961, 0.9614, 0.9627, 0.9623, 0.9647, 0.9656, 0.9661, 0.967, 0.9672, 0.9682, 0.9695, 0.9703], [0.1135, 0.1135, 0.1135, 0.1135, 0.1135, 0.1135, 0.1135, 0.1028, 0.1135, 0.1028, 0.1135, 0.1028, 0.1135, 0.1135, 0.1135, 0.1135, 0.2078, 0.5397, 0.7022, 0.7656, 0.8076, 0.8401, 0.8627, 0.8803, 0.8919, 0.8979, 0.9025, 0.9102, 0.9144, 0.9176, 0.9196, 0.9221, 0.9255, 0.9257, 0.9304, 0.9325, 0.9359, 0.9381, 0.939, 0.9426, 0.9428, 0.9468, 0.9486, 0.9503, 0.952, 0.9527, 0.955, 0.9561, 0.9578, 0.9596, 0.9607, 0.9604, 0.9627, 0.9623, 0.964, 0.9647, 0.966, 0.9654, 0.9658, 0.9669, 0.9684, 0.9688, 0.9696, 0.9699, 0.9705], [0.1135, 0.1135, 0.0856, 0.1135, 0.1135, 0.1135, 0.1135, 0.1135, 0.102, 0.1167, 0.1135, 0.1135, 0.1135, 0.1135, 0.3057, 0.5118, 0.6535, 0.7483, 0.8107, 0.8384, 0.8622, 0.8783, 0.8906, 0.899, 0.9039, 0.9091, 0.9125, 0.9163, 0.9187, 0.9205, 0.9233, 0.9262, 0.9298, 0.9306, 0.9342, 0.9347, 0.9367, 0.9385, 0.9424, 0.9463, 0.9458, 0.9482, 0.9504, 0.9532, 0.9535, 0.9544, 0.9565, 0.9596, 0.9614, 0.9619, 0.9638, 0.9644, 0.9645, 0.9658, 0.9664, 0.9667, 0.9664, 0.9672, 0.9688, 0.9696, 0.9701], [0.1135, 0.1135, 0.1135, 0.1135, 0.1135, 0.1135, 0.1135, 0.1135, 0.1172, 0.1135, 0.1135, 0.1135, 0.1135, 0.1646, 0.4435, 0.5734, 0.6948, 0.7785, 0.8111, 0.8427, 0.865, 0.8804, 0.8927, 0.9006, 0.9053, 0.9089, 0.9124, 0.9145, 0.919, 0.9223, 0.9234, 0.9255, 0.9284, 0.9307, 0.9346, 0.936, 0.9395, 0.9429, 0.9451, 0.9469, 0.9481, 0.9499, 0.9532, 0.955, 0.9552, 0.9573, 0.9588, 0.9606, 0.9607, 0.9618, 0.9632, 0.9645, 0.9657, 0.9656, 0.9656, 0.9657, 0.9665, 0.9665, 0.9675, 0.9676, 0.9687, 0.9695, 0.9711]]","[2.3008975578308104, 2.3009584846496582, 2.301211512374878, 2.3018959922790527, 2.301751237487793, 2.300849214935303, 2.301071370315552, 2.3018847660064696, 2.3014915061950685, 2.3014564754486084, 2.300896367645264, 2.297796656036377, 2.295780797958374, 2.2759893245697023, 2.199271495437622, 1.835073599433899, 1.1172381772994995, 0.7179836539268494, 0.5934006177902221, 0.5155641487598419, 0.4578421576976776, 0.4176197021484375, 0.38100106053352356, 0.3518070165395737, 0.3393396054267883, 0.3243578437805176, 0.3054283141136169, 0.29656365581154825, 0.28398786462545395, 0.272321755361557, 0.26729286003112795, 0.2560635908484459, 0.24445090576410294, 0.23753869932889937, 0.22575503714084624, 0.21654010553359984, 0.204921870470047, 0.20003783628940583, 0.19036296125352384, 0.17795682524442671, 0.17500698597431183, 0.16973045691847802, 0.15968956509381532, 0.15557139906287193, 0.15178239802718163, 0.14363088999390602, 0.14330459446310997, 0.13660677545666694, 0.13222090046703816, 0.12801992876529694, 0.12582723624110223, 0.12211750879585744, 0.11811521887183189, 0.11640413686335087, 0.11366110973153264, 0.11313273620828986, 0.11096740751266479, 0.10859170479774476, 0.10593080128133298, 0.10551156507618725, 0.10348663349151611, 0.10250716952979565, 0.09895835994184017]"
